,rescode,hhsize,age16m,age16f,under16
0,11103,5.0,0.0,2.0,3.0
1,11102,3.0,0.0,2.0,1.0
2,11101,6.0,2.0,3.0,1.0
3,11703,7.0,1.0,1.0,5.0
4,11202,4.0,1.0,1.0,2.0
5,11404,4.0,1.0,1.0,2.0
6,11403,3.0,1.0,1.0,1.0
7,11402,6.0,2.0,3.0,1.0
8,11304,5.0,0.0,1.0,4.0
9,11416,5.0,2.0,2.0,1.0
10,11417,3.0,2.0,1.0,0.0
11,11702,4.0,1.0,1.0,2.0
12,11502,5.0,1.0,1.0,3.0
13,11301,3.0,2.0,1.0,0.0
14,11603,6.0,1.0,2.0,3.0
15,11302,4.0,1.0,3.0,0.0
16,11701,8.0,2.0,2.0,4.0
17,11602,3.0,2.0,1.0,0.0
18,11604,8.0,1.0,3.0,4.0
19,11505,5.0,1.0,1.0,3.0
20,11410,6.0,1.0,1.0,4.0
21,11203,3.0,1.0,1.0,1.0
22,11405,4.0,3.0,1.0,0.0
23,11409,6.0,2.0,1.0,3.0
24,11201,3.0,1.0,1.0,1.0
25,11411,6.0,2.0,2.0,2.0
26,11506,4.0,2.0,1.0,1.0
27,11501,3.0,2.0,1.0,0.0
28,11418,3.0,1.0,2.0,0.0
29,11419,5.0,1.0,1.0,3.0
30,11504,6.0,2.0,4.0,0.0
31,12206,6.0,2.0,1.0,3.0
32,12207,4.0,3.0,1.0,1.0
33,12203,6.0,3.0,2.0,1.0
34,12101,8.0,2.0,4.0,2.0
35,12102,5.0,1.0,1.0,3.0
36,12103,5.0,1.0,1.0,3.0
37,12105,4.0,2.0,1.0,1.0
38,12201,5.0,2.0,3.0,0.0
39,12202,5.0,1.0,1.0,3.0
40,12106,5.0,2.0,1.0,2.0
41,12506,7.0,1.0,1.0,5.0
42,12505,8.0,2.0,3.0,3.0
43,12502,4.0,1.0,2.0,1.0
44,12504,5.0,1.0,2.0,2.0
45,12501,4.0,1.0,2.0,1.0
46,12407,7.0,1.0,1.0,5.0
47,12404,7.0,3.0,2.0,2.0
48,12408,5.0,1.0,1.0,3.0
49,12406,8.0,3.0,3.0,2.0
50,12405,6.0,1.0,2.0,3.0
51,12409,7.0,2.0,3.0,2.0
52,12401,5.0,3.0,0.0,2.0
53,12307,6.0,1.0,2.0,3.0
54,12306,7.0,2.0,2.0,3.0
55,12302,4.0,2.0,1.0,1.0
56,12304,7.0,2.0,2.0,3.0
57,12303,6.0,3.0,2.0,1.0
58,12301,5.0,1.0,1.0,3.0
59,12305,3.0,0.0,2.0,1.0
60,12402,4.0,1.0,1.0,2.0
61,13203,9.0,1.0,2.0,6.0
62,13105,4.0,0.0,1.0,3.0
63,13106,6.0,0.0,2.0,4.0
64,13202,8.0,2.0,2.0,5.0
65,13201,7.0,4.0,1.0,2.0
66,13104,9.0,2.0,3.0,4.0
67,13103,8.0,1.0,2.0,5.0
68,13101,9.0,2.0,2.0,5.0
69,13102,8.0,4.0,2.0,2.0
70,13204,8.0,3.0,2.0,3.0
71,13402,2.0,0.0,2.0,0.0
72,13401,7.0,2.0,3.0,2.0
73,13403,6.0,2.0,1.0,3.0
74,13404,5.0,2.0,2.0,1.0
75,13503,9.0,2.0,3.0,4.0
76,13505,5.0,1.0,3.0,1.0
77,13501,5.0,2.0,2.0,1.0
78,13502,5.0,0.0,1.0,4.0
79,13504,5.0,3.0,1.0,1.0
80,13307,5.0,2.0,1.0,2.0
81,13305,4.0,0.0,3.0,1.0
82,13304,7.0,1.0,2.0,4.0
83,13303,4.0,1.0,2.0,1.0
84,13302,6.0,1.0,2.0,3.0
85,13301,5.0,1.0,1.0,3.0
86,13205,5.0,1.0,2.0,2.0
87,13208,11.0,2.0,6.0,3.0
88,13206,4.0,0.0,1.0,3.0
89,13207,2.0,1.0,1.0,0.0
90,14210,10.0,2.0,2.0,7.0
91,14510,5.0,0.0,3.0,2.0
92,14441,4.0,1.0,1.0,2.0
93,14501,7.0,3.0,2.0,2.0
94,14102,8.0,4.0,2.0,2.0
95,14202,7.0,2.0,2.0,3.0
96,14506,5.0,1.0,1.0,3.0
97,14106,8.0,2.0,1.0,5.0
98,14302,6.0,3.0,3.0,0.0
99,14304,6.0,3.0,3.0,0.0
100,14504,7.0,2.0,2.0,3.0
101,14410,4.0,0.0,2.0,2.0
102,14409,8.0,3.0,3.0,2.0
103,14408,4.0,1.0,2.0,1.0
104,14301,7.0,3.0,3.0,0.0
105,14508,6.0,2.0,3.0,1.0
106,14502,5.0,1.0,2.0,1.0
107,14105,8.0,2.0,1.0,5.0
108,14303,6.0,3.0,3.0,0.0
109,14209,3.0,1.0,1.0,1.0
110,14207,7.0,1.0,3.0,3.0
111,14208,7.0,1.0,1.0,5.0
112,14401,3.0,0.0,2.0,1.0
113,14503,5.0,1.0,3.0,1.0
114,14101,8.0,4.0,2.0,2.0
115,14104,8.0,3.0,2.0,3.0
116,14201,8.0,3.0,2.0,3.0
117,14108,5.0,1.0,1.0,3.0
118,14402,8.0,2.0,4.0,2.0
119,14405,4.0,1.0,1.0,2.0
120,15508,7.0,2.0,4.0,1.0
121,15206,7.0,2.0,3.0,2.0
122,15105,6.0,1.0,1.0,4.0
123,15201,4.0,2.0,2.0,0.0
124,15104,6.0,0.0,3.0,3.0
125,15103,9.0,2.0,1.0,6.0
126,15101,6.0,3.0,3.0,0.0
127,15102,4.0,0.0,2.0,2.0
128,15406,3.0,2.0,1.0,0.0
129,15506,5.0,1.0,3.0,1.0
130,15505,4.0,2.0,2.0,0.0
131,15403,4.0,2.0,1.0,1.0
132,15404,6.0,4.0,2.0,0.0
133,15405,4.0,2.0,1.0,1.0
134,15301,6.0,1.0,2.0,3.0
135,15304,2.0,0.0,2.0,0.0
136,15302,5.0,3.0,2.0,0.0
137,15401,4.0,1.0,1.0,2.0
138,15303,7.0,1.0,5.0,1.0
139,15207,4.0,0.0,3.0,1.0
140,15507,6.0,1.0,2.0,3.0
141,15208,8.0,3.0,3.0,2.0
142,16104,6.0,1.0,1.0,4.0
143,16205,5.0,4.0,1.0,0.0
144,16102,8.0,3.0,4.0,1.0
145,16301,5.0,2.0,2.0,1.0
146,16202,4.0,1.0,1.0,2.0
147,16201,10.0,3.0,4.0,3.0
148,16103,4.0,2.0,2.0,0.0
149,16203,10.0,6.0,1.0,3.0
150,16502,7.0,4.0,2.0,1.0
151,16506,6.0,1.0,1.0,4.0
152,16505,5.0,2.0,2.0,1.0
153,16501,5.0,3.0,1.0,1.0
154,16504,5.0,1.0,4.0,0.0
155,16602,5.0,2.0,3.0,0.0
156,16406,3.0,1.0,1.0,1.0
157,16603,5.0,1.0,1.0,3.0
158,16401,4.0,1.0,1.0,2.0
159,16304,6.0,2.0,2.0,2.0
160,16303,6.0,2.0,4.0,0.0
161,16407,5.0,1.0,1.0,3.0
162,16305,3.0,1.0,1.0,1.0
163,16408,5.0,2.0,3.0,0.0
164,16409,6.0,1.0,1.0,4.0
165,17109,4.0,2.0,2.0,0.0
166,17110,5.0,1.0,1.0,3.0
167,17104,5.0,1.0,1.0,3.0
168,17101,6.0,1.0,3.0,2.0
169,17107,4.0,1.0,3.0,0.0
170,17102,4.0,1.0,1.0,2.0
171,17103,6.0,1.0,2.0,3.0
172,17108,4.0,1.0,1.0,2.0
173,17306,10.0,1.0,2.0,7.0
174,17105,6.0,1.0,2.0,3.0
175,17106,6.0,1.0,1.0,4.0
176,17209,5.0,3.0,2.0,0.0
177,17302,8.0,1.0,2.0,5.0
178,17305,8.0,1.0,1.0,6.0
179,17301,4.0,2.0,1.0,1.0
180,17212,3.0,0.0,1.0,2.0
181,17304,6.0,1.0,1.0,4.0
182,17303,5.0,1.0,1.0,3.0
183,17210,5.0,1.0,1.0,3.0
184,17205,8.0,1.0,2.0,5.0
185,17203,6.0,2.0,2.0,2.0
186,17204,7.0,2.0,1.0,4.0
187,17206,9.0,1.0,5.0,3.0
188,17202,4.0,2.0,1.0,1.0
189,17111,6.0,2.0,1.0,3.0
190,17112,7.0,1.0,1.0,5.0
191,17208,8.0,1.0,3.0,4.0
192,17207,3.0,1.0,1.0,1.0
193,17201,6.0,1.0,1.0,4.0
194,21118,3.0,1.0,1.0,1.0
195,21101,4.0,3.0,1.0,0.0
196,21117,5.0,2.0,2.0,1.0
197,21112,6.0,1.0,4.0,1.0
198,21114,5.0,3.0,2.0,0.0
199,21116,4.0,0.0,3.0,1.0
200,21113,5.0,1.0,1.0,3.0
201,21115,3.0,2.0,1.0,0.0
202,21314,4.0,2.0,2.0,0.0
203,21206,6.0,1.0,1.0,4.0
204,21111,3.0,1.0,1.0,1.0
205,21201,3.0,1.0,1.0,1.0
206,21205,3.0,1.0,1.0,1.0
207,21202,4.0,2.0,2.0,0.0
208,21208,2.0,1.0,1.0,0.0
209,21210,4.0,1.0,1.0,2.0
210,21209,5.0,2.0,3.0,0.0
211,21211,5.0,1.0,1.0,3.0
212,21119,4.0,1.0,1.0,2.0
213,21306,4.0,1.0,2.0,1.0
214,21308,4.0,1.0,2.0,1.0
215,21305,3.0,0.0,1.0,2.0
216,21302,6.0,3.0,2.0,1.0
217,21313,3.0,2.0,0.0,1.0
218,21304,4.0,1.0,1.0,2.0
219,21301,3.0,1.0,1.0,1.0
220,21312,1.0,1.0,0.0,0.0
221,21311,4.0,1.0,1.0,2.0
222,22121,4.0,2.0,2.0,0.0
223,22114,3.0,0.0,3.0,0.0
224,22210,3.0,1.0,1.0,1.0
225,22216,3.0,1.0,2.0,0.0
226,22215,6.0,2.0,2.0,2.0
227,22120,5.0,1.0,2.0,2.0
228,22116,7.0,1.0,2.0,4.0
229,22117,3.0,0.0,2.0,1.0
230,22112,4.0,2.0,1.0,1.0
231,22119,4.0,1.0,1.0,3.0
232,22206,4.0,1.0,1.0,2.0
233,22111,3.0,1.0,1.0,1.0
234,22103,3.0,1.0,2.0,0.0
235,22212,4.0,0.0,1.0,3.0
236,22113,7.0,4.0,1.0,2.0
237,22110,4.0,2.0,1.0,1.0
238,22115,7.0,3.0,1.0,3.0
239,22106,3.0,0.0,1.0,2.0
240,22118,7.0,2.0,3.0,2.0
241,22218,4.0,1.0,1.0,2.0
242,22217,5.0,1.0,2.0,2.0
243,22220,5.0,1.0,2.0,2.0
244,22213,4.0,0.0,1.0,3.0
245,22201,5.0,1.0,2.0,2.0
246,22202,6.0,2.0,2.0,2.0
247,22204,4.0,0.0,2.0,2.0
248,22208,3.0,1.0,1.0,1.0
249,22203,4.0,1.0,1.0,2.0
250,22219,5.0,3.0,2.0,0.0
251,22108,5.0,0.0,2.0,3.0
252,23208,5.0,2.0,2.0,1.0
253,23206,7.0,2.0,3.0,2.0
254,23216,6.0,1.0,2.0,3.0
255,23106,9.0,2.0,5.0,2.0
256,23116,5.0,1.0,4.0,0.0
257,23109,5.0,1.0,1.0,3.0
258,23213,3.0,0.0,1.0,2.0
259,23110,7.0,2.0,3.0,2.0
260,23120,4.0,0.0,2.0,2.0
261,23113,5.0,1.0,1.0,3.0
262,23108,3.0,0.0,3.0,0.0
263,23205,5.0,1.0,1.0,3.0
264,23217,4.0,1.0,1.0,2.0
265,23201,5.0,2.0,1.0,2.0
266,23204,5.0,1.0,1.0,3.0
267,23220,3.0,1.0,2.0,0.0
268,23219,5.0,1.0,2.0,2.0
269,23218,3.0,0.0,3.0,0.0
270,23117,10.0,4.0,2.0,4.0
271,23105,7.0,1.0,3.0,3.0
272,23107,5.0,1.0,1.0,3.0
273,23118,4.0,1.0,1.0,2.0
274,23215,4.0,0.0,2.0,2.0
275,23115,6.0,3.0,3.0,0.0
276,23202,5.0,2.0,1.0,2.0
277,23203,4.0,1.0,1.0,2.0
278,23104,5.0,0.0,3.0,2.0
279,23119,4.0,0.0,3.0,1.0
280,24115,7.0,3.0,3.0,1.0
281,24102,4.0,1.0,1.0,2.0
282,24120,4.0,2.0,1.0,0.0
283,24101,6.0,2.0,2.0,2.0
284,24134,3.0,2.0,1.0,0.0
285,24117,6.0,1.0,2.0,3.0
286,24145,4.0,2.0,1.0,1.0
287,24135,3.0,1.0,1.0,1.0
288,24137,4.0,1.0,1.0,2.0
289,24141,5.0,2.0,1.0,2.0
290,24144,5.0,3.0,1.0,1.0
291,24119,5.0,1.0,3.0,1.0
292,24142,8.0,2.0,2.0,4.0
293,24125,4.0,2.0,1.0,1.0
294,24130,7.0,1.0,2.0,4.0
295,24133,3.0,1.0,2.0,0.0
296,24104,5.0,1.0,1.0,3.0
297,24143,7.0,2.0,4.0,1.0
298,24148,4.0,1.0,1.0,2.0
299,24138,4.0,1.0,1.0,2.0
300,24139,4.0,1.0,1.0,2.0
301,24131,5.0,3.0,2.0,0.0
302,24103,8.0,3.0,3.0,2.0
303,24132,3.0,1.0,1.0,1.0
304,24118,7.0,2.0,3.0,2.0
305,24140,6.0,2.0,1.0,3.0
306,24147,11.0,5.0,5.0,1.0
307,24136,8.0,4.0,2.0,2.0
308,24124,7.0,2.0,1.0,4.0
309,25112,3.0,0.0,3.0,0.0
310,25205,3.0,0.0,1.0,2.0
311,25114,2.0,0.0,1.0,1.0
312,25113,6.0,2.0,2.0,2.0
313,25210,3.0,1.0,1.0,1.0
314,25203,3.0,0.0,3.0,0.0
315,25102,2.0,1.0,1.0,0.0
316,25202,6.0,2.0,2.0,2.0
317,25116,5.0,1.0,2.0,2.0
318,25117,4.0,1.0,1.0,2.0
319,25204,4.0,1.0,1.0,2.0
320,25213,7.0,3.0,2.0,2.0
321,25216,6.0,1.0,2.0,3.0
322,25215,4.0,2.0,2.0,0.0
323,25118,4.0,1.0,1.0,2.0
324,25119,4.0,1.0,1.0,2.0
325,25104,4.0,2.0,2.0,0.0
326,25214,6.0,3.0,1.0,2.0
327,25107,5.0,1.0,2.0,2.0
328,25110,2.0,0.0,1.0,1.0
329,25120,8.0,3.0,3.0,2.0
330,25121,3.0,1.0,1.0,1.0
331,25217,5.0,1.0,1.0,3.0
332,25111,6.0,1.0,4.0,1.0
333,25122,6.0,3.0,1.0,2.0
334,25212,7.0,1.0,1.0,5.0
335,26216,5.0,2.0,2.0,1.0
336,26105,5.0,3.0,2.0,0.0
337,26116,6.0,3.0,2.0,1.0
338,26106,3.0,1.0,1.0,1.0
339,26119,6.0,2.0,2.0,2.0
340,26206,4.0,1.0,2.0,1.0
341,26207,3.0,1.0,1.0,1.0
342,26212,2.0,1.0,1.0,0.0
343,26120,8.0,2.0,3.0,3.0
344,26117,5.0,0.0,1.0,4.0
345,26107,6.0,3.0,2.0,1.0
346,26102,2.0,0.0,2.0,0.0
347,26213,4.0,2.0,1.0,1.0
348,26215,4.0,1.0,1.0,2.0
349,26113,3.0,0.0,1.0,2.0
350,26104,5.0,1.0,2.0,2.0
351,26110,3.0,2.0,1.0,0.0
352,26203,5.0,1.0,4.0,0.0
353,26114,6.0,1.0,3.0,2.0
354,26108,3.0,1.0,1.0,1.0
355,26205,3.0,1.0,1.0,1.0
356,26214,4.0,0.0,2.0,2.0
357,26201,2.0,1.0,1.0,0.0
358,26112,5.0,4.0,1.0,0.0
359,26210,4.0,1.0,2.0,1.0
360,26118,5.0,1.0,2.0,2.0
361,27131,5.0,2.0,2.0,1.0
362,27116,2.0,0.0,2.0,0.0
363,27102,7.0,3.0,3.0,1.0
364,27119,7.0,3.0,1.0,3.0
365,27115,5.0,2.0,2.0,0.0
366,27139,5.0,1.0,2.0,2.0
367,27145,7.0,2.0,2.0,3.0
368,27144,7.0,3.0,1.0,3.0
369,27117,3.0,0.0,1.0,2.0
370,27134,7.0,1.0,3.0,3.0
371,27138,5.0,3.0,1.0,1.0
372,27146,4.0,1.0,1.0,2.0
373,27101,4.0,1.0,2.0,1.0
374,27104,6.0,2.0,3.0,1.0
375,27133,4.0,1.0,1.0,2.0
376,27143,5.0,0.0,1.0,4.0
377,27137,2.0,0.0,1.0,1.0
378,27121,5.0,2.0,3.0,0.0
379,27140,5.0,1.0,2.0,3.0
380,27126,7.0,2.0,2.0,3.0
381,27130,6.0,1.0,1.0,4.0
382,27106,5.0,0.0,2.0,3.0
383,27132,5.0,2.0,3.0,1.0
384,27136,4.0,1.0,1.0,2.0
385,27135,4.0,1.0,1.0,2.0
386,27142,4.0,1.0,1.0,2.0
387,27120,6.0,3.0,2.0,1.0
388,27129,5.0,1.0,1.0,4.0
389,28113,5.0,1.0,4.0,0.0
390,28215,8.0,1.0,4.0,3.0
391,28213,7.0,3.0,3.0,1.0
392,28201,5.0,1.0,1.0,3.0
393,28212,2.0,1.0,1.0,0.0
394,28105,4.0,1.0,1.0,2.0
395,28106,3.0,1.0,1.0,1.0
396,28214,4.0,2.0,2.0,0.0
397,28112,6.0,3.0,2.0,1.0
398,28116,8.0,3.0,5.0,0.0
399,28101,8.0,3.0,4.0,1.0
400,28111,3.0,1.0,1.0,1.0
401,28109,4.0,0.0,2.0,2.0
402,28209,4.0,1.0,1.0,2.0
403,28108,4.0,0.0,2.0,2.0
404,28205,6.0,3.0,2.0,1.0
405,28207,3.0,0.0,1.0,2.0
406,28107,8.0,1.0,3.0,4.0
407,28208,4.0,0.0,4.0,0.0
408,28117,4.0,0.0,2.0,2.0
409,28202,9.0,6.0,2.0,1.0
410,28115,7.0,2.0,2.0,3.0
411,28210,6.0,3.0,1.0,2.0
412,28203,3.0,2.0,1.0,0.0
413,28114,2.0,0.0,1.0,1.0
414,28104,6.0,2.0,4.0,0.0
415,28204,6.0,2.0,3.0,1.0
416,28217,6.0,2.0,2.0,2.0
417,28216,6.0,2.0,2.0,2.0
418,28103,10.0,3.0,5.0,2.0
419,29124,5.0,2.0,1.0,2.0
420,29108,4.0,2.0,1.0,1.0
421,29212,6.0,2.0,3.0,1.0
422,29203,5.0,2.0,1.0,2.0
423,29107,4.0,1.0,1.0,2.0
424,29118,8.0,4.0,3.0,1.0
425,29119,4.0,2.0,1.0,1.0
426,29122,4.0,1.0,1.0,2.0
427,29217,4.0,1.0,1.0,2.0
428,29115,6.0,1.0,3.0,2.0
429,29211,4.0,1.0,1.0,2.0
430,29116,7.0,1.0,2.0,4.0
431,29222,5.0,1.0,1.0,3.0
432,29121,2.0,1.0,1.0,0.0
433,29216,4.0,0.0,2.0,2.0
434,29120,7.0,2.0,1.0,4.0
435,29206,6.0,1.0,1.0,4.0
436,29102,4.0,1.0,1.0,2.0
437,29226,5.0,2.0,2.0,1.0
438,29219,5.0,2.0,2.0,1.0
439,29117,11.0,7.0,3.0,1.0
440,29123,6.0,0.0,2.0,4.0
441,29202,4.0,1.0,1.0,2.0
442,29111,4.0,0.0,3.0,1.0
443,29103,3.0,1.0,1.0,1.0
444,29221,4.0,1.0,2.0,1.0
445,29223,6.0,1.0,5.0,0.0
446,29220,11.0,3.0,3.0,5.0
447,29225,9.0,2.0,4.0,3.0
448,29218,4.0,1.0,2.0,1.0
449,30131,5.0,1.0,2.0,2.0
450,30135,4.0,2.0,1.0,1.0
451,30113,6.0,3.0,3.0,1.0
452,30139,11.0,2.0,5.0,4.0
453,30132,6.0,1.0,1.0,4.0
454,30117,5.0,0.0,4.0,1.0
455,30124,7.0,1.0,3.0,3.0
456,30110,3.0,1.0,1.0,1.0
457,30107,4.0,0.0,3.0,1.0
458,30136,4.0,1.0,1.0,2.0
459,30105,3.0,0.0,2.0,1.0
460,30109,4.0,1.0,1.0,2.0
461,30106,6.0,4.0,1.0,1.0
462,30114,2.0,0.0,2.0,0.0
463,30133,6.0,2.0,3.0,1.0
464,30142,4.0,1.0,1.0,2.0
465,30104,4.0,2.0,1.0,1.0
466,30116,6.0,1.0,3.0,2.0
467,30127,11.0,2.0,5.0,4.0
468,30141,4.0,1.0,1.0,2.0
469,30122,3.0,0.0,1.0,2.0
470,30112,3.0,0.0,2.0,1.0
471,30140,4.0,1.0,1.0,2.0
472,30119,8.0,4.0,2.0,2.0
473,30137,5.0,1.0,1.0,3.0
474,30134,4.0,1.0,2.0,1.0
475,30143,4.0,0.0,1.0,3.0
476,30138,5.0,1.0,1.0,3.0
477,30103,5.0,2.0,2.0,1.0
478,31127,6.0,3.0,1.0,2.0
479,31128,4.0,2.0,1.0,1.0
480,31118,8.0,3.0,3.0,2.0
481,31137,6.0,1.0,1.0,4.0
482,31140,3.0,1.0,1.0,1.0
483,31101,7.0,1.0,4.0,2.0
484,31109,4.0,1.0,1.0,2.0
485,31113,4.0,2.0,2.0,0.0
486,31111,6.0,2.0,2.0,2.0
487,31102,3.0,0.0,2.0,1.0
488,31117,4.0,2.0,1.0,1.0
489,31116,6.0,1.0,3.0,2.0
490,31123,4.0,1.0,2.0,1.0
491,31141,5.0,1.0,1.0,3.0
492,31132,4.0,2.0,1.0,1.0
493,31135,4.0,1.0,2.0,1.0
494,31131,6.0,1.0,1.0,4.0
495,31129,4.0,1.0,3.0,0.0
496,31126,4.0,1.0,1.0,2.0
497,31112,4.0,1.0,1.0,2.0
498,31110,3.0,1.0,1.0,1.0
499,31104,4.0,3.0,1.0,0.0
500,31122,8.0,3.0,2.0,3.0
501,31108,5.0,1.0,1.0,3.0
502,31106,3.0,0.0,1.0,2.0
503,31105,8.0,2.0,4.0,2.0
504,31139,6.0,2.0,2.0,2.0
505,31138,3.0,0.0,1.0,2.0
506,31133,6.0,2.0,2.0,2.0
507,31134,2.0,0.0,1.0,1.0
508,32302,4.0,3.0,1.0,0.0
509,32304,3.0,1.0,2.0,0.0
510,32401,4.0,1.0,2.0,1.0
511,32207,6.0,2.0,2.0,2.0
512,32407,6.0,2.0,2.0,2.0
513,32512,7.0,4.0,2.0,1.0
514,32308,4.0,2.0,2.0,0.0
515,32104,5.0,1.0,1.0,3.0
516,32501,5.0,1.0,3.0,1.0
517,32404,4.0,2.0,1.0,1.0
518,32305,4.0,1.0,3.0,0.0
519,32205,2.0,0.0,1.0,1.0
520,32206,2.0,0.0,1.0,1.0
521,32306,5.0,2.0,2.0,1.0
522,32208,3.0,0.0,1.0,2.0
523,32509,6.0,2.0,2.0,2.0
524,32508,6.0,1.0,1.0,4.0
525,32506,2.0,1.0,1.0,0.0
526,32204,3.0,0.0,1.0,2.0
527,32103,5.0,1.0,2.0,2.0
528,32201,6.0,1.0,1.0,4.0
529,32307,8.0,1.0,4.0,3.0
530,32510,4.0,1.0,1.0,2.0
531,32107,4.0,2.0,1.0,1.0
532,32511,3.0,1.0,1.0,1.0
533,32102,6.0,4.0,1.0,1.0
534,32106,6.0,1.0,1.0,4.0
535,32403,3.0,2.0,1.0,0.0
536,32405,1.0,0.0,1.0,0.0
537,32406,6.0,1.0,1.0,4.0
538,32507,4.0,2.0,1.0,1.0
539,32108,4.0,1.0,1.0,2.0
540,33202,6.0,1.0,1.0,4.0
541,33413,5.0,3.0,2.0,0.0
542,33304,4.0,1.0,2.0,1.0
543,33208,5.0,1.0,3.0,1.0
544,33201,3.0,1.0,1.0,1.0
545,33408,7.0,1.0,3.0,3.0
546,33306,5.0,1.0,1.0,3.0
547,33206,4.0,2.0,1.0,1.0
548,33105,4.0,1.0,2.0,1.0
549,33212,5.0,3.0,2.0,0.0
550,33410,4.0,2.0,2.0,0.0
551,33107,6.0,2.0,1.0,3.0
552,33210,4.0,1.0,2.0,1.0
553,33307,6.0,3.0,1.0,2.0
554,33211,4.0,1.0,2.0,1.0
555,33412,6.0,1.0,1.0,4.0
556,33101,6.0,1.0,1.0,4.0
557,33301,4.0,1.0,2.0,1.0
558,33213,7.0,1.0,4.0,2.0
559,33204,5.0,1.0,1.0,3.0
560,33106,3.0,1.0,1.0,1.0
561,33308,4.0,2.0,1.0,1.0
562,33411,9.0,1.0,5.0,3.0
563,33102,6.0,1.0,1.0,4.0
564,33305,5.0,1.0,4.0,0.0
565,33406,6.0,3.0,1.0,2.0
566,34107,5.0,1.0,1.0,3.0
567,34105,5.0,2.0,2.0,1.0
568,34104,6.0,3.0,1.0,2.0
569,34101,6.0,2.0,1.0,3.0
570,34116,4.0,1.0,1.0,2.0
571,34124,4.0,1.0,2.0,1.0
572,34134,5.0,2.0,2.0,1.0
573,34133,4.0,2.0,1.0,1.0
574,34130,4.0,1.0,1.0,2.0
575,34123,4.0,1.0,1.0,2.0
576,34122,5.0,1.0,1.0,3.0
577,34118,5.0,1.0,1.0,3.0
578,34117,6.0,3.0,1.0,2.0
579,34115,4.0,1.0,1.0,2.0
580,34108,7.0,3.0,2.0,2.0
581,34126,4.0,1.0,1.0,2.0
582,34125,4.0,1.0,1.0,2.0
583,34120,6.0,1.0,3.0,2.0
584,34113,5.0,1.0,1.0,3.0
585,34112,6.0,1.0,1.0,4.0
586,34111,5.0,1.0,1.0,3.0
587,34109,3.0,1.0,1.0,1.0
588,34132,5.0,2.0,1.0,2.0
589,34131,5.0,1.0,1.0,3.0
590,34127,4.0,1.0,1.0,2.0
591,34114,4.0,1.0,1.0,2.0
592,34106,5.0,0.0,2.0,3.0
593,34102,3.0,1.0,1.0,1.0
594,35402,4.0,1.0,3.0,0.0
595,35204,4.0,1.0,1.0,2.0
596,35305,3.0,0.0,1.0,2.0
597,35302,4.0,0.0,4.0,0.0
598,35405,3.0,1.0,2.0,0.0
599,35506,3.0,1.0,2.0,0.0
600,35512,6.0,1.0,1.0,4.0
601,35101,7.0,1.0,3.0,3.0
602,35103,3.0,0.0,1.0,2.0
603,35107,4.0,1.0,1.0,2.0
604,35105,4.0,1.0,1.0,2.0
605,35306,3.0,1.0,1.0,1.0
606,35303,3.0,1.0,2.0,0.0
607,35407,2.0,1.0,1.0,0.0
608,35507,4.0,1.0,1.0,2.0
609,35521,6.0,2.0,2.0,2.0
610,35104,4.0,1.0,1.0,2.0
611,35102,6.0,1.0,1.0,4.0
612,35202,4.0,2.0,2.0,0.0
613,35409,4.0,1.0,1.0,2.0
614,35304,4.0,0.0,2.0,2.0
615,35408,3.0,0.0,2.0,1.0
616,35403,5.0,1.0,1.0,3.0
617,35522,7.0,3.0,1.0,3.0
618,35520,4.0,1.0,2.0,1.0
619,35203,7.0,1.0,3.0,3.0
620,35505,5.0,1.0,1.0,3.0
621,35504,4.0,1.0,1.0,2.0
622,35523,5.0,1.0,2.0,2.0
623,35513,2.0,1.0,1.0,0.0
624,35205,6.0,1.0,1.0,4.0
625,36150,5.0,1.0,1.0,3.0
626,36103,4.0,0.0,4.0,0.0
627,36107,3.0,0.0,2.0,1.0
628,36133,6.0,3.0,2.0,1.0
629,36144,4.0,1.0,1.0,2.0
630,36151,6.0,2.0,3.0,1.0
631,36128,6.0,2.0,2.0,2.0
632,36146,4.0,2.0,1.0,1.0
633,36139,9.0,4.0,1.0,4.0
634,36140,4.0,0.0,1.0,3.0
635,36147,4.0,1.0,1.0,2.0
636,36112,3.0,0.0,3.0,0.0
637,36113,4.0,2.0,1.0,1.0
638,36110,4.0,2.0,2.0,0.0
639,36148,4.0,1.0,1.0,2.0
640,36141,4.0,2.0,2.0,0.0
641,36138,4.0,1.0,1.0,2.0
642,36135,5.0,1.0,1.0,3.0
643,36142,6.0,1.0,3.0,2.0
644,36136,5.0,1.0,1.0,3.0
645,36137,6.0,2.0,3.0,1.0
646,36134,4.0,1.0,1.0,2.0
647,36145,5.0,2.0,2.0,1.0
648,36132,5.0,1.0,1.0,3.0
649,36131,7.0,2.0,4.0,1.0
650,36130,4.0,1.0,1.0,2.0
651,36121,5.0,1.0,1.0,3.0
652,36143,6.0,2.0,3.0,1.0
653,36149,3.0,1.0,1.0,1.0
654,36119,5.0,2.0,2.0,1.0
655,37201,3.0,1.0,1.0,1.0
656,37106,3.0,0.0,2.0,1.0
657,37101,7.0,3.0,2.0,2.0
658,37102,4.0,1.0,1.0,2.0
659,37104,5.0,3.0,1.0,1.0
660,37303,4.0,1.0,1.0,2.0
661,37108,4.0,1.0,2.0,1.0
662,37202,5.0,1.0,1.0,3.0
663,37206,4.0,1.0,1.0,2.0
664,37203,5.0,2.0,3.0,0.0
665,37204,5.0,2.0,3.0,0.0
666,37209,6.0,2.0,3.0,1.0
667,37109,4.0,2.0,2.0,0.0
668,37307,6.0,2.0,2.0,2.0
669,37207,5.0,2.0,2.0,1.0
670,37110,6.0,1.0,3.0,2.0
671,37305,4.0,1.0,1.0,2.0
672,37304,3.0,1.0,2.0,0.0
673,37310,4.0,0.0,1.0,3.0
674,37301,4.0,1.0,1.0,2.0
675,37105,5.0,1.0,1.0,3.0
676,37103,5.0,2.0,3.0,0.0
677,37107,4.0,1.0,1.0,2.0
678,37302,7.0,3.0,2.0,2.0
679,37306,4.0,1.0,1.0,2.0
680,37309,5.0,2.0,2.0,1.0
681,38108,5.0,2.0,2.0,1.0
682,38103,5.0,1.0,1.0,3.0
683,38110,6.0,1.0,1.0,4.0
684,38309,4.0,1.0,1.0,2.0
685,38411,6.0,1.0,1.0,4.0
686,38409,6.0,1.0,2.0,3.0
687,38209,5.0,1.0,1.0,3.0
688,38210,5.0,1.0,1.0,3.0
689,38109,2.0,0.0,2.0,0.0
690,38208,3.0,1.0,1.0,1.0
691,38206,4.0,1.0,1.0,2.0
692,38102,4.0,2.0,1.0,1.0
693,38204,5.0,3.0,2.0,0.0
694,38211,4.0,1.0,1.0,2.0
695,38303,1.0,0.0,1.0,0.0
696,38302,3.0,0.0,1.0,2.0
697,38202,6.0,0.0,3.0,3.0
698,38408,6.0,2.0,4.0,0.0
699,38101,2.0,0.0,1.0,1.0
700,38405,6.0,3.0,1.0,2.0
701,38414,6.0,3.0,2.0,1.0
702,38413,3.0,0.0,2.0,1.0
703,38307,2.0,0.0,1.0,1.0
704,38301,3.0,0.0,1.0,2.0
705,38201,6.0,1.0,2.0,3.0
706,38106,4.0,1.0,1.0,2.0
707,38306,6.0,2.0,2.0,2.0
708,38205,4.0,3.0,1.0,0.0
709,38308,5.0,1.0,1.0,3.0
710,38412,3.0,1.0,1.0,1.0
711,39305,8.0,2.0,2.0,4.0
712,39102,4.0,1.0,2.0,1.0
713,39203,5.0,1.0,1.0,3.0
714,39506,11.0,5.0,5.0,1.0
715,39307,3.0,0.0,1.0,2.0
716,39407,3.0,1.0,1.0,1.0
717,39606,4.0,1.0,2.0,1.0
718,39303,3.0,0.0,1.0,2.0
719,39105,5.0,1.0,1.0,3.0
720,39101,4.0,1.0,2.0,1.0
721,39205,6.0,3.0,1.0,2.0
722,39504,4.0,1.0,1.0,2.0
723,39306,6.0,1.0,1.0,4.0
724,39405,5.0,1.0,1.0,3.0
725,39304,3.0,1.0,1.0,1.0
726,39204,5.0,1.0,1.0,3.0
727,39401,4.0,1.0,1.0,2.0
728,39103,6.0,1.0,1.0,4.0
729,39605,2.0,0.0,1.0,1.0
730,39406,5.0,1.0,3.0,1.0
731,39505,4.0,1.0,1.0,2.0
732,39508,2.0,1.0,1.0,0.0
733,39507,6.0,0.0,4.0,2.0
734,39607,6.0,1.0,4.0,1.0
735,39104,5.0,1.0,1.0,3.0
736,39404,3.0,1.0,1.0,1.0
737,39206,5.0,1.0,1.0,3.0
738,39403,4.0,0.0,2.0,2.0
739,39601,5.0,2.0,1.0,2.0
740,39302,4.0,0.0,2.0,2.0
741,39202,4.0,2.0,1.0,1.0
742,40510,3.0,0.0,2.0,1.0
743,40507,4.0,1.0,1.0,2.0
744,40203,1.0,0.0,1.0,0.0
745,40403,3.0,2.0,1.0,0.0
746,40103,4.0,0.0,1.0,3.0
747,40301,4.0,2.0,1.0,1.0
748,40304,3.0,0.0,2.0,1.0
749,40104,6.0,1.0,3.0,2.0
750,40302,3.0,0.0,1.0,2.0
751,40205,6.0,1.0,2.0,3.0
752,40307,4.0,0.0,3.0,3.0
753,40408,6.0,0.0,3.0,3.0
754,40505,5.0,1.0,3.0,1.0
755,40204,3.0,0.0,2.0,1.0
756,40509,7.0,2.0,3.0,2.0
757,40206,5.0,0.0,4.0,1.0
758,40405,6.0,0.0,5.0,1.0
759,40106,3.0,0.0,3.0,0.0
760,40102,4.0,0.0,1.0,3.0
761,40202,4.0,1.0,2.0,1.0
762,40402,4.0,1.0,3.0,1.0
763,40305,3.0,0.0,1.0,2.0
764,40407,3.0,0.0,1.0,2.0
765,40207,3.0,0.0,2.0,1.0
766,40101,2.0,0.0,2.0,0.0
767,40306,2.0,0.0,2.0,0.0
768,40401,3.0,0.0,1.0,2.0
769,40105,6.0,2.0,1.0,3.0
770,40504,3.0,1.0,1.0,1.0
771,40508,3.0,1.0,1.0,1.0
772,41411,6.0,1.0,3.0,2.0
773,41410,5.0,1.0,1.0,3.0
774,41305,5.0,2.0,3.0,0.0
775,41306,5.0,2.0,2.0,1.0
776,41206,7.0,2.0,1.0,4.0
777,41403,2.0,0.0,2.0,0.0
778,41301,6.0,0.0,3.0,3.0
779,41303,4.0,2.0,1.0,1.0
780,41408,3.0,2.0,1.0,0.0
781,41103,4.0,1.0,2.0,1.0
782,41201,5.0,1.0,1.0,3.0
783,41406,2.0,1.0,1.0,0.0
784,41204,5.0,4.0,1.0,0.0
785,41308,7.0,0.0,6.0,1.0
786,41202,9.0,4.0,2.0,3.0
787,41203,6.0,3.0,2.0,1.0
788,41307,4.0,2.0,1.0,1.0
789,41102,5.0,1.0,2.0,2.0
790,41309,6.0,0.0,4.0,2.0
791,41106,7.0,2.0,1.0,3.0
792,41402,3.0,1.0,1.0,1.0
793,41105,7.0,2.0,3.0,2.0
794,41413,3.0,0.0,2.0,1.0
795,42134,4.0,1.0,1.0,2.0
796,42135,4.0,1.0,1.0,2.0
797,42136,4.0,2.0,2.0,0.0
798,42131,3.0,2.0,1.0,0.0
799,42133,4.0,3.0,1.0,0.0
800,42117,5.0,2.0,2.0,1.0
801,42116,5.0,1.0,1.0,3.0
802,42132,3.0,1.0,2.0,0.0
803,42143,5.0,2.0,1.0,2.0
804,42121,6.0,4.0,1.0,1.0
805,42141,4.0,3.0,1.0,0.0
806,42140,5.0,2.0,1.0,2.0
807,42110,4.0,2.0,2.0,0.0
808,42102,6.0,2.0,2.0,2.0
809,42142,4.0,1.0,1.0,2.0
810,42101,4.0,1.0,3.0,0.0
811,42137,3.0,1.0,1.0,1.0
812,42138,6.0,3.0,3.0,0.0
813,42139,5.0,2.0,2.0,1.0
814,42119,5.0,1.0,2.0,2.0
815,42106,7.0,3.0,1.0,3.0
816,42109,6.0,2.0,3.0,1.0
817,42115,4.0,2.0,1.0,1.0
818,42145,5.0,0.0,2.0,3.0
819,42144,1.0,0.0,1.0,0.0
820,42103,4.0,2.0,1.0,1.0
821,42118,2.0,1.0,1.0,0.0
822,42126,8.0,4.0,4.0,0.0
823,42147,7.0,2.0,2.0,3.0
824,42146,3.0,1.0,1.0,1.0
825,43132,5.0,2.0,2.0,1.0
826,43141,8.0,2.0,4.0,2.0
827,43101,5.0,1.0,1.0,4.0
828,43127,4.0,0.0,3.0,1.0
829,43119,7.0,1.0,4.0,2.0
830,43134,5.0,1.0,2.0,2.0
831,43113,6.0,0.0,1.0,5.0
832,43133,4.0,1.0,2.0,1.0
833,43131,3.0,0.0,2.0,1.0
834,43142,4.0,1.0,1.0,2.0
835,43111,6.0,1.0,1.0,5.0
836,43129,6.0,2.0,3.0,1.0
837,43126,7.0,3.0,1.0,3.0
838,43107,6.0,1.0,2.0,3.0
839,43138,4.0,0.0,4.0,0.0
840,43136,5.0,1.0,1.0,3.0
841,43137,7.0,2.0,2.0,3.0
842,43103,4.0,0.0,1.0,3.0
843,43135,4.0,2.0,2.0,0.0
844,43115,4.0,1.0,2.0,1.0
845,43110,4.0,0.0,1.0,3.0
846,43124,6.0,2.0,2.0,2.0
847,43128,6.0,3.0,2.0,1.0
848,43106,4.0,1.0,1.0,2.0
849,43105,4.0,2.0,1.0,1.0
850,43109,5.0,0.0,2.0,3.0
851,43140,4.0,1.0,1.0,2.0
852,43139,5.0,2.0,1.0,2.0
853,43130,1.0,0.0,1.0,0.0
854,43118,5.0,2.0,2.0,1.0
855,44148,3.0,1.0,2.0,0.0
856,44121,4.0,3.0,1.0,0.0
857,44131,2.0,1.0,1.0,0.0
858,44133,6.0,2.0,3.0,1.0
859,44147,6.0,2.0,3.0,1.0
860,44134,3.0,2.0,1.0,0.0
861,44132,5.0,2.0,2.0,1.0
862,44128,5.0,1.0,2.0,2.0
863,44140,6.0,2.0,2.0,2.0
864,44141,4.0,2.0,2.0,0.0
865,44143,6.0,4.0,1.0,1.0
866,44142,3.0,0.0,1.0,2.0
867,44111,4.0,0.0,3.0,1.0
868,44146,4.0,1.0,2.0,1.0
869,44115,4.0,0.0,3.0,1.0
870,44106,6.0,3.0,2.0,1.0
871,44145,3.0,0.0,2.0,1.0
872,44105,6.0,1.0,1.0,4.0
873,44139,6.0,1.0,1.0,4.0
874,44144,5.0,2.0,3.0,0.0
875,44112,2.0,1.0,1.0,0.0
876,44138,3.0,1.0,1.0,1.0
877,44137,5.0,3.0,2.0,0.0
878,44135,5.0,2.0,2.0,1.0
879,44149,2.0,1.0,1.0,0.0
880,44136,2.0,1.0,1.0,0.0
881,44113,3.0,1.0,1.0,1.0
882,44123,4.0,1.0,1.0,2.0
883,44120,5.0,2.0,3.0,0.0
884,44118,4.0,2.0,1.0,1.0
885,45119,5.0,1.0,1.0,3.0
886,45124,5.0,2.0,1.0,3.0
887,45133,6.0,4.0,2.0,0.0
888,45118,4.0,1.0,1.0,2.0
889,45110,3.0,1.0,1.0,1.0
890,45115,7.0,2.0,2.0,3.0
891,45116,5.0,1.0,1.0,3.0
892,45113,5.0,1.0,1.0,3.0
893,45135,6.0,1.0,3.0,2.0
894,45137,4.0,1.0,3.0,0.0
895,45121,3.0,1.0,2.0,0.0
896,45102,4.0,2.0,1.0,1.0
897,45128,3.0,1.0,2.0,0.0
898,45109,4.0,2.0,2.0,0.0
899,45125,4.0,2.0,1.0,1.0
900,45136,4.0,2.0,1.0,1.0
901,45134,5.0,1.0,3.0,1.0
902,45132,4.0,2.0,2.0,0.0
903,45117,4.0,1.0,1.0,2.0
904,45111,3.0,1.0,2.0,0.0
905,45112,7.0,5.0,1.0,1.0
906,45120,5.0,2.0,2.0,1.0
907,45129,5.0,1.0,2.0,2.0
908,45126,6.0,3.0,2.0,1.0
909,45139,3.0,1.0,1.0,1.0
910,45107,3.0,1.0,2.0,0.0
911,45131,3.0,1.0,1.0,1.0
912,45114,4.0,1.0,1.0,2.0
913,45106,5.0,1.0,3.0,1.0
914,45105,2.0,1.0,1.0,0.0
915,45108,6.0,3.0,2.0,1.0
916,46126,2.0,0.0,1.0,1.0
917,46101,8.0,1.0,6.0,1.0
918,46122,5.0,2.0,2.0,1.0
919,46123,4.0,1.0,1.0,2.0
920,46104,7.0,3.0,2.0,2.0
921,46120,7.0,2.0,3.0,2.0
922,46136,5.0,1.0,2.0,2.0
923,46116,7.0,2.0,2.0,3.0
924,46127,5.0,1.0,2.0,2.0
925,46105,8.0,2.0,3.0,3.0
926,46103,6.0,4.0,2.0,0.0
927,46119,9.0,4.0,1.0,4.0
928,46129,5.0,1.0,2.0,2.0
929,46128,3.0,0.0,1.0,2.0
930,46134,5.0,2.0,2.0,1.0
931,46112,2.0,1.0,1.0,0.0
932,46113,9.0,3.0,3.0,3.0
933,46132,4.0,1.0,1.0,2.0
934,46125,6.0,3.0,2.0,1.0
935,46133,3.0,1.0,1.0,1.0
936,46102,7.0,3.0,2.0,2.0
937,46131,6.0,1.0,2.0,3.0
938,46115,3.0,0.0,1.0,2.0
939,46110,6.0,3.0,2.0,1.0
940,47218,8.0,2.0,4.0,2.0
941,47217,2.0,0.0,1.0,1.0
942,47108,4.0,1.0,1.0,2.0
943,47202,5.0,1.0,3.0,1.0
944,47209,3.0,1.0,1.0,1.0
945,47210,7.0,2.0,2.0,3.0
946,47203,3.0,0.0,1.0,3.0
947,47101,6.0,2.0,3.0,1.0
948,47105,4.0,0.0,3.0,1.0
949,47118,6.0,2.0,3.0,1.0
950,47107,2.0,0.0,1.0,1.0
951,47115,5.0,1.0,1.0,3.0
952,47109,4.0,0.0,4.0,0.0
953,47206,3.0,1.0,2.0,0.0
954,47112,3.0,0.0,1.0,2.0
955,47205,3.0,1.0,2.0,0.0
956,47213,7.0,3.0,1.0,3.0
957,47114,6.0,0.0,1.0,5.0
958,47116,6.0,2.0,3.0,1.0
959,47103,6.0,3.0,2.0,1.0
960,47214,8.0,3.0,3.0,2.0
961,47104,3.0,1.0,1.0,1.0
962,47111,3.0,2.0,1.0,0.0
963,47219,5.0,1.0,2.0,2.0
964,47117,2.0,1.0,1.0,0.0
965,47216,10.0,3.0,2.0,5.0
966,47102,3.0,0.0,3.0,0.0
967,47207,7.0,1.0,4.0,2.0
968,47204,6.0,2.0,1.0,3.0
969,47215,6.0,2.0,1.0,3.0
970,47220,3.0,1.0,2.0,1.0
971,48201,2.0,1.0,1.0,0.0
972,48204,3.0,0.0,2.0,1.0
973,48403,3.0,0.0,1.0,3.0
974,48501,2.0,0.0,2.0,0.0
975,48504,3.0,1.0,2.0,0.0
976,48703,6.0,1.0,2.0,3.0
977,48505,6.0,0.0,3.0,3.0
978,48101,5.0,2.0,2.0,1.0
979,48705,5.0,1.0,3.0,1.0
980,48603,6.0,2.0,2.0,2.0
981,48601,3.0,1.0,1.0,1.0
982,48503,3.0,1.0,1.0,1.0
983,48301,3.0,1.0,2.0,0.0
984,48203,6.0,1.0,2.0,3.0
985,48202,6.0,1.0,3.0,2.0
986,48104,7.0,3.0,3.0,1.0
987,48706,5.0,1.0,1.0,3.0
988,48702,5.0,1.0,1.0,3.0
989,48701,2.0,0.0,1.0,1.0
990,48404,3.0,0.0,1.0,2.0
991,48401,5.0,2.0,2.0,1.0
992,48304,5.0,1.0,1.0,3.0
993,48302,5.0,1.0,1.0,3.0
994,48406,3.0,2.0,1.0,0.0
995,48105,4.0,1.0,1.0,2.0
996,48602,3.0,0.0,1.0,2.0
997,48604,6.0,1.0,2.0,3.0
998,48402,4.0,0.0,3.0,1.0
999,48303,5.0,2.0,1.0,2.0
1000,48205,4.0,1.0,1.0,2.0
1001,51122,3.0,0.0,2.0,1.0
1002,51128,5.0,1.0,3.0,1.0
1003,51114,4.0,1.0,1.0,2.0
1004,51111,6.0,1.0,1.0,4.0
1005,51136,5.0,2.0,2.0,1.0
1006,51129,4.0,1.0,1.0,2.0
1007,51131,4.0,0.0,1.0,3.0
1008,51133,4.0,1.0,1.0,2.0
1009,51108,8.0,4.0,2.0,2.0
1010,51137,5.0,1.0,2.0,2.0
1011,51105,4.0,0.0,2.0,2.0
1012,51125,7.0,1.0,1.0,5.0
1013,51118,4.0,1.0,1.0,2.0
1014,51112,4.0,1.0,1.0,2.0
1015,51135,6.0,1.0,1.0,4.0
1016,51132,6.0,1.0,2.0,3.0
1017,51113,6.0,2.0,2.0,2.0
1018,51103,6.0,1.0,4.0,1.0
1019,51104,4.0,0.0,2.0,2.0
1020,51101,3.0,1.0,1.0,1.0
1021,51102,5.0,1.0,2.0,2.0
1022,51123,6.0,1.0,2.0,3.0
1023,51106,3.0,0.0,1.0,2.0
1024,51117,4.0,0.0,2.0,2.0
1025,51134,4.0,1.0,1.0,2.0
1026,51130,4.0,1.0,1.0,2.0
1027,51115,3.0,2.0,1.0,0.0
1028,51120,5.0,1.0,1.0,3.0
1029,51107,6.0,1.0,3.0,2.0
1030,52405,5.0,2.0,2.0,1.0
1031,52206,4.0,1.0,2.0,1.0
1032,52507,4.0,1.0,2.0,1.0
1033,52406,3.0,0.0,1.0,2.0
1034,52207,4.0,1.0,1.0,2.0
1035,52208,5.0,1.0,1.0,3.0
1036,52107,5.0,1.0,3.0,1.0
1037,52307,7.0,3.0,3.0,1.0
1038,52106,5.0,1.0,1.0,3.0
1039,52403,5.0,1.0,2.0,2.0
1040,52110,7.0,2.0,1.0,4.0
1041,52402,6.0,2.0,1.0,3.0
1042,52210,5.0,3.0,1.0,1.0
1043,52201,5.0,0.0,2.0,3.0
1044,52508,6.0,2.0,4.0,0.0
1045,52504,3.0,1.0,1.0,1.0
1046,52108,5.0,1.0,1.0,3.0
1047,52209,8.0,2.0,4.0,2.0
1048,52105,7.0,2.0,2.0,3.0
1049,52205,5.0,2.0,1.0,2.0
1050,52502,5.0,2.0,1.0,2.0
1051,52111,12.0,3.0,4.0,5.0
1052,52506,4.0,0.0,1.0,3.0
1053,52204,5.0,1.0,2.0,2.0
1054,52112,4.0,2.0,2.0,0.0
1055,52404,7.0,1.0,2.0,4.0
1056,52505,5.0,2.0,2.0,1.0
1057,52109,5.0,1.0,2.0,2.0
1058,52401,5.0,1.0,1.0,3.0
1059,52304,5.0,1.0,1.0,3.0
1060,53403,4.0,1.0,3.0,0.0
1061,53105,6.0,2.0,3.0,1.0
1062,53202,6.0,2.0,2.0,2.0
1063,53501,4.0,1.0,2.0,1.0
1064,53208,5.0,1.0,3.0,1.0
1065,53801,5.0,1.0,1.0,3.0
1066,53502,4.0,2.0,1.0,1.0
1067,53101,4.0,0.0,1.0,3.0
1068,53302,6.0,1.0,1.0,4.0
1069,53602,5.0,1.0,1.0,3.0
1070,53401,5.0,3.0,2.0,0.0
1071,53215,4.0,3.0,1.0,0.0
1072,53802,6.0,2.0,2.0,2.0
1073,53504,4.0,1.0,1.0,2.0
1074,53203,7.0,1.0,2.0,4.0
1075,53206,9.0,1.0,2.0,6.0
1076,53301,3.0,2.0,1.0,0.0
1077,53106,3.0,1.0,1.0,2.0
1078,53213,6.0,2.0,3.0,1.0
1079,53405,5.0,2.0,2.0,1.0
1080,53204,5.0,1.0,2.0,2.0
1081,53214,5.0,1.0,1.0,3.0
1082,53404,7.0,2.0,3.0,2.0
1083,53703,3.0,1.0,1.0,1.0
1084,53212,3.0,0.0,1.0,2.0
1085,53701,4.0,1.0,1.0,2.0
1086,53201,4.0,1.0,1.0,2.0
1087,53102,4.0,2.0,1.0,1.0
1088,53210,4.0,1.0,1.0,2.0
1089,53211,3.0,0.0,1.0,2.0
1090,54403,8.0,3.0,2.0,3.0
1091,54109,5.0,3.0,2.0,0.0
1092,54103,5.0,2.0,2.0,1.0
1093,54406,1.0,0.0,1.0,0.0
1094,54110,3.0,1.0,1.0,1.0
1095,54401,2.0,0.0,2.0,0.0
1096,54105,3.0,1.0,1.0,1.0
1097,54301,4.0,1.0,1.0,2.0
1098,54407,5.0,0.0,2.0,3.0
1099,54104,5.0,1.0,1.0,3.0
1100,54106,9.0,4.0,2.0,3.0
1101,54111,4.0,3.0,1.0,0.0
1102,54102,4.0,0.0,2.0,2.0
1103,54202,3.0,0.0,1.0,2.0
1104,54101,10.0,4.0,2.0,4.0
1105,54205,6.0,1.0,2.0,3.0
1106,54408,4.0,1.0,1.0,2.0
1107,54304,4.0,1.0,2.0,1.0
1108,54405,5.0,1.0,2.0,2.0
1109,54206,2.0,1.0,1.0,0.0
1110,54303,3.0,0.0,1.0,2.0
1111,54302,5.0,2.0,2.0,1.0
1112,54207,6.0,1.0,1.0,4.0
1113,54409,4.0,1.0,1.0,2.0
1114,54107,3.0,0.0,1.0,2.0
1115,54112,7.0,1.0,3.0,3.0
1116,54201,4.0,1.0,1.0,2.0
1117,54307,4.0,1.0,1.0,2.0
1118,54108,3.0,0.0,2.0,1.0
1119,54203,2.0,0.0,1.0,1.0
1120,55302,5.0,1.0,1.0,3.0
1121,55602,2.0,1.0,1.0,0.0
1122,55204,5.0,2.0,3.0,0.0
1123,55603,4.0,3.0,1.0,0.0
1124,55704,8.0,3.0,3.0,2.0
1125,55606,4.0,2.0,2.0,0.0
1126,55508,5.0,0.0,4.0,1.0
1127,55201,2.0,0.0,1.0,1.0
1128,55604,4.0,1.0,1.0,2.0
1129,55102,5.0,1.0,2.0,2.0
1130,55205,4.0,1.0,2.0,1.0
1131,55503,6.0,2.0,3.0,1.0
1132,55202,3.0,2.0,1.0,0.0
1133,55401,5.0,2.0,2.0,1.0
1134,55301,6.0,2.0,4.0,0.0
1135,55303,5.0,1.0,2.0,2.0
1136,55607,2.0,1.0,1.0,0.0
1137,55605,5.0,1.0,2.0,2.0
1138,55505,4.0,0.0,3.0,1.0
1139,55203,4.0,1.0,1.0,2.0
1140,55502,2.0,1.0,1.0,0.0
1141,55608,4.0,0.0,2.0,2.0
1142,55103,4.0,2.0,1.0,1.0
1143,55506,4.0,2.0,2.0,0.0
1144,55101,4.0,1.0,1.0,2.0
1145,55703,5.0,1.0,3.0,1.0
1146,55507,6.0,3.0,2.0,1.0
1147,55501,5.0,2.0,1.0,2.0
