,hhid,rescode,aimag,soum,treatment,age,buddhist,hahl,age_sq,marr_cohab
0,3,11101,1,11,0.0,42.0,1.0,0.0,1764.0,1.0
1,2,11102,1,11,0.0,43.0,0.0,0.0,1849.0,0.0
2,1,11103,1,11,0.0,45.0,1.0,0.0,2025.0,0.0
3,25,11201,1,11,0.0,38.0,1.0,0.0,1444.0,1.0
4,5,11202,1,11,0.0,27.0,1.0,0.0,729.0,1.0
5,22,11203,1,11,0.0,26.0,1.0,0.0,676.0,1.0
6,14,11301,1,11,0.0,46.0,1.0,0.0,2116.0,1.0
7,16,11302,1,11,0.0,52.0,1.0,0.0,2704.0,1.0
8,9,11304,1,11,0.0,35.0,0.0,1.0,1225.0,1.0
9,8,11402,1,11,0.0,44.0,1.0,0.0,1936.0,1.0
10,7,11403,1,11,0.0,50.0,1.0,0.0,2500.0,1.0
11,6,11404,1,11,0.0,26.0,1.0,0.0,676.0,1.0
12,23,11405,1,11,0.0,38.0,0.0,0.0,1444.0,1.0
13,24,11409,1,11,0.0,44.0,1.0,0.0,1936.0,1.0
14,21,11410,1,11,0.0,26.0,1.0,0.0,676.0,1.0
15,26,11411,1,11,0.0,47.0,1.0,0.0,2209.0,1.0
16,10,11416,1,11,0.0,43.0,1.0,0.0,1849.0,1.0
17,11,11417,1,11,0.0,61.0,1.0,0.0,3721.0,1.0
18,29,11418,1,11,0.0,45.0,0.0,0.0,2025.0,0.0
19,30,11419,1,11,0.0,33.0,1.0,0.0,1089.0,1.0
20,28,11501,1,11,0.0,43.0,1.0,0.0,1849.0,1.0
21,13,11502,1,11,0.0,35.0,1.0,0.0,1225.0,0.0
22,31,11504,1,11,0.0,49.0,1.0,0.0,2401.0,1.0
23,20,11505,1,11,0.0,35.0,1.0,0.0,1225.0,1.0
24,27,11506,1,11,0.0,47.0,1.0,0.0,2209.0,1.0
25,18,11602,1,11,0.0,48.0,1.0,0.0,2304.0,1.0
26,15,11603,1,11,0.0,42.0,1.0,0.0,1764.0,1.0
27,19,11604,1,11,0.0,44.0,1.0,0.0,1936.0,1.0
28,17,11701,1,11,0.0,39.0,1.0,0.0,1521.0,1.0
29,12,11702,1,11,0.0,36.0,1.0,0.0,1296.0,1.0
30,4,11703,1,11,0.0,38.0,1.0,0.0,1444.0,1.0
31,35,12101,1,12,0.0,52.0,0.0,0.0,2704.0,1.0
32,36,12102,1,12,0.0,35.0,0.0,0.0,1225.0,1.0
33,37,12103,1,12,0.0,40.0,1.0,0.0,1600.0,1.0
34,38,12105,1,12,0.0,49.0,0.0,0.0,2401.0,1.0
35,41,12106,1,12,0.0,50.0,1.0,0.0,2500.0,1.0
36,39,12201,1,12,0.0,43.0,1.0,0.0,1849.0,1.0
37,40,12202,1,12,0.0,32.0,1.0,0.0,1024.0,1.0
38,34,12203,1,12,0.0,41.0,0.0,0.0,1681.0,1.0
39,32,12206,1,12,0.0,38.0,1.0,0.0,1444.0,1.0
40,33,12207,1,12,0.0,44.0,1.0,0.0,1936.0,1.0
41,59,12301,1,12,0.0,30.0,0.0,0.0,900.0,1.0
42,56,12302,1,12,0.0,42.0,0.0,0.0,1764.0,1.0
43,58,12303,1,12,0.0,46.0,1.0,0.0,2116.0,0.0
44,57,12304,1,12,0.0,43.0,1.0,0.0,1849.0,1.0
45,60,12305,1,12,0.0,48.0,1.0,0.0,2304.0,0.0
46,55,12306,1,12,0.0,39.0,0.0,0.0,1521.0,1.0
47,54,12307,1,12,0.0,38.0,1.0,1.0,1444.0,1.0
48,53,12401,1,12,0.0,41.0,1.0,0.0,1681.0,1.0
49,61,12402,1,12,0.0,33.0,1.0,0.0,1089.0,1.0
50,48,12404,1,12,0.0,39.0,1.0,0.0,1521.0,1.0
51,51,12405,1,12,0.0,41.0,1.0,0.0,1681.0,1.0
52,50,12406,1,12,0.0,45.0,1.0,0.0,2025.0,1.0
53,47,12407,1,12,0.0,32.0,1.0,0.0,1024.0,1.0
54,49,12408,1,12,0.0,31.0,1.0,0.0,961.0,1.0
55,52,12409,1,12,0.0,45.0,0.0,0.0,2025.0,1.0
56,46,12501,1,12,0.0,45.0,1.0,0.0,2025.0,0.0
57,44,12502,1,12,0.0,47.0,1.0,0.0,2209.0,1.0
58,45,12504,1,12,0.0,39.0,1.0,0.0,1521.0,1.0
59,43,12505,1,12,0.0,48.0,1.0,1.0,2304.0,1.0
60,42,12506,1,12,0.0,34.0,1.0,0.0,1156.0,1.0
61,69,13101,1,13,2.0,41.0,1.0,0.0,1681.0,1.0
62,70,13102,1,13,2.0,44.0,1.0,0.0,1936.0,1.0
63,68,13103,1,13,2.0,42.0,1.0,0.0,1764.0,1.0
64,67,13104,1,13,2.0,43.0,1.0,0.0,1849.0,1.0
65,63,13105,1,13,2.0,29.0,1.0,0.0,841.0,0.0
66,64,13106,1,13,2.0,38.0,0.0,0.0,1444.0,0.0
67,66,13201,1,13,2.0,42.0,1.0,0.0,1764.0,1.0
68,65,13202,1,13,2.0,37.0,1.0,0.0,1369.0,1.0
69,62,13203,1,13,2.0,37.0,1.0,0.0,1369.0,1.0
70,71,13204,1,13,2.0,41.0,1.0,0.0,1681.0,1.0
71,88,13205,1,13,2.0,40.0,1.0,0.0,1600.0,1.0
72,90,13206,1,13,2.0,28.0,1.0,0.0,784.0,0.0
73,91,13207,1,13,2.0,32.0,1.0,0.0,1024.0,1.0
74,89,13208,1,13,2.0,44.0,1.0,0.0,1936.0,1.0
75,87,13301,1,13,2.0,31.0,1.0,0.0,961.0,1.0
76,86,13302,1,13,2.0,45.0,1.0,0.0,2025.0,1.0
77,85,13303,1,13,2.0,37.0,0.0,0.0,1369.0,1.0
78,84,13304,1,13,2.0,37.0,0.0,0.0,1369.0,1.0
79,83,13305,1,13,2.0,34.0,1.0,0.0,1156.0,0.0
80,81,13307,1,13,2.0,41.0,1.0,0.0,1681.0,1.0
81,73,13401,1,13,2.0,40.0,1.0,0.0,1600.0,1.0
82,72,13402,1,13,2.0,37.0,1.0,0.0,1369.0,0.0
83,74,13403,1,13,2.0,40.0,1.0,0.0,1600.0,1.0
84,75,13404,1,13,2.0,53.0,1.0,0.0,2809.0,1.0
85,78,13501,1,13,2.0,48.0,0.0,0.0,2304.0,1.0
86,79,13502,1,13,2.0,35.0,1.0,0.0,1225.0,0.0
87,76,13503,1,13,2.0,42.0,1.0,0.0,1764.0,0.0
88,80,13504,1,13,2.0,44.0,1.0,0.0,1936.0,1.0
89,77,13505,1,13,2.0,19.0,1.0,0.0,361.0,0.0
90,118,14101,1,14,1.0,45.0,0.0,0.0,2025.0,1.0
91,96,14102,1,14,1.0,40.0,1.0,0.0,1600.0,1.0
92,119,14104,1,14,1.0,19.0,0.0,0.0,361.0,0.0
93,110,14105,1,14,1.0,39.0,1.0,0.0,1521.0,1.0
94,99,14106,1,14,1.0,39.0,1.0,0.0,1521.0,1.0
95,121,14108,1,14,1.0,42.0,1.0,0.0,1764.0,0.0
96,120,14201,1,14,1.0,45.0,1.0,0.0,2025.0,1.0
97,97,14202,1,14,1.0,45.0,0.0,0.0,2025.0,1.0
98,113,14207,1,14,1.0,44.0,1.0,0.0,1936.0,1.0
99,114,14208,1,14,1.0,40.0,1.0,0.0,1600.0,0.0
100,112,14209,1,14,1.0,39.0,1.0,0.0,1521.0,0.0
101,92,14210,1,14,1.0,33.0,1.0,0.0,1089.0,0.0
102,107,14301,1,14,1.0,48.0,0.0,0.0,2304.0,1.0
103,101,14302,1,14,1.0,42.0,0.0,0.0,1764.0,1.0
104,111,14303,1,14,1.0,23.0,0.0,0.0,529.0,0.0
105,102,14304,1,14,1.0,18.0,0.0,0.0,324.0,0.0
106,115,14401,1,14,1.0,40.0,1.0,0.0,1600.0,0.0
107,122,14402,1,14,1.0,23.0,1.0,0.0,529.0,0.0
108,123,14405,1,14,1.0,26.0,0.0,0.0,676.0,0.0
109,106,14408,1,14,1.0,48.0,1.0,0.0,2304.0,0.0
110,105,14409,1,14,1.0,51.0,1.0,0.0,2601.0,1.0
111,104,14410,1,14,1.0,37.0,1.0,0.0,1369.0,0.0
112,94,14441,1,14,1.0,34.0,1.0,0.0,1156.0,1.0
113,95,14501,1,14,1.0,49.0,1.0,0.0,2401.0,1.0
114,109,14502,1,14,1.0,46.0,1.0,0.0,2116.0,1.0
115,116,14503,1,14,1.0,47.0,1.0,0.0,2209.0,0.0
116,103,14504,1,14,1.0,49.0,1.0,0.0,2401.0,0.0
117,98,14506,1,14,1.0,32.0,0.0,0.0,1024.0,1.0
118,108,14508,1,14,1.0,44.0,1.0,0.0,1936.0,1.0
119,93,14510,1,14,1.0,27.0,0.0,0.0,729.0,0.0
120,130,15101,1,15,2.0,26.0,1.0,0.0,676.0,0.0
121,131,15102,1,15,2.0,55.0,1.0,0.0,3025.0,0.0
122,129,15103,1,15,2.0,40.0,1.0,0.0,1600.0,0.0
123,128,15104,1,15,2.0,45.0,1.0,0.0,2025.0,0.0
124,126,15105,1,15,2.0,39.0,1.0,0.0,1521.0,1.0
125,127,15201,1,15,2.0,49.0,1.0,0.0,2401.0,0.0
126,125,15206,1,15,2.0,47.0,1.0,0.0,2209.0,0.0
127,143,15207,1,15,2.0,41.0,1.0,0.0,1681.0,0.0
128,145,15208,1,15,2.0,42.0,1.0,0.0,1764.0,1.0
129,138,15301,1,15,2.0,40.0,1.0,0.0,1600.0,1.0
130,140,15302,1,15,2.0,47.0,1.0,0.0,2209.0,1.0
131,142,15303,1,15,2.0,22.0,1.0,0.0,484.0,0.0
132,139,15304,1,15,2.0,59.0,1.0,0.0,3481.0,0.0
133,141,15401,1,15,2.0,36.0,1.0,0.0,1296.0,1.0
134,135,15403,1,15,2.0,42.0,1.0,0.0,1764.0,1.0
135,136,15404,1,15,2.0,46.0,1.0,1.0,2116.0,1.0
136,137,15405,1,15,2.0,39.0,1.0,0.0,1521.0,1.0
137,132,15406,1,15,2.0,59.0,1.0,0.0,3481.0,1.0
138,134,15505,1,15,2.0,58.0,1.0,0.0,3364.0,1.0
139,133,15506,1,15,2.0,47.0,1.0,0.0,2209.0,1.0
140,144,15507,1,15,2.0,40.0,1.0,0.0,1600.0,1.0
141,124,15508,1,15,2.0,51.0,1.0,0.0,2601.0,0.0
142,148,16102,1,16,2.0,23.0,1.0,0.0,529.0,0.0
143,152,16103,1,16,2.0,53.0,1.0,0.0,2809.0,1.0
144,146,16104,1,16,2.0,32.0,1.0,0.0,1024.0,1.0
145,151,16201,1,16,2.0,28.0,1.0,0.0,784.0,0.0
146,150,16202,1,16,2.0,25.0,0.0,0.0,625.0,1.0
147,153,16203,1,16,2.0,41.0,1.0,0.0,1681.0,1.0
148,147,16205,1,16,2.0,48.0,1.0,0.0,2304.0,1.0
149,149,16301,1,16,2.0,46.0,1.0,0.0,2116.0,1.0
150,164,16303,1,16,2.0,44.0,1.0,0.0,1936.0,0.0
151,163,16304,1,16,2.0,38.0,0.0,0.0,1444.0,1.0
152,166,16305,1,16,2.0,30.0,1.0,0.0,900.0,1.0
153,162,16401,1,16,2.0,38.0,1.0,0.0,1444.0,1.0
154,160,16406,1,16,2.0,27.0,1.0,0.0,729.0,1.0
155,165,16407,1,16,2.0,33.0,1.0,0.0,1089.0,1.0
156,167,16408,1,16,2.0,51.0,1.0,0.0,2601.0,1.0
157,168,16409,1,16,2.0,36.0,1.0,0.0,1296.0,1.0
158,157,16501,1,16,2.0,45.0,1.0,0.0,2025.0,0.0
159,154,16502,1,16,2.0,50.0,1.0,0.0,2500.0,1.0
160,158,16504,1,16,2.0,56.0,1.0,0.0,3136.0,0.0
161,156,16505,1,16,2.0,42.0,1.0,0.0,1764.0,1.0
162,155,16506,1,16,2.0,38.0,1.0,0.0,1444.0,1.0
163,159,16602,1,16,2.0,22.0,1.0,0.0,484.0,0.0
164,161,16603,1,16,2.0,35.0,1.0,0.0,1225.0,1.0
165,172,17101,1,17,1.0,41.0,0.0,0.0,1681.0,1.0
166,174,17102,1,17,1.0,31.0,1.0,0.0,961.0,1.0
167,175,17103,1,17,1.0,36.0,1.0,0.0,1296.0,1.0
168,171,17104,1,17,1.0,30.0,1.0,0.0,900.0,1.0
169,178,17105,1,17,1.0,27.0,1.0,0.0,729.0,1.0
170,179,17106,1,17,1.0,33.0,0.0,0.0,1089.0,0.0
171,173,17107,1,17,1.0,26.0,0.0,0.0,676.0,0.0
172,176,17108,1,17,1.0,25.0,1.0,0.0,625.0,1.0
173,169,17109,1,17,1.0,40.0,0.0,0.0,1600.0,0.0
174,170,17110,1,17,1.0,29.0,0.0,0.0,841.0,1.0
175,193,17111,1,17,1.0,48.0,0.0,0.0,2304.0,1.0
176,194,17112,1,17,1.0,31.0,0.0,0.0,961.0,1.0
177,197,17201,1,17,1.0,37.0,0.0,0.0,1369.0,1.0
178,192,17202,1,17,1.0,29.0,0.0,0.0,841.0,1.0
179,189,17203,1,17,1.0,43.0,0.0,0.0,1849.0,1.0
180,190,17204,1,17,1.0,38.0,1.0,0.0,1444.0,1.0
181,188,17205,1,17,1.0,39.0,0.0,0.0,1521.0,1.0
182,191,17206,1,17,1.0,48.0,0.0,0.0,2304.0,1.0
183,196,17207,1,17,1.0,24.0,0.0,0.0,576.0,1.0
184,195,17208,1,17,1.0,41.0,0.0,0.0,1681.0,1.0
185,180,17209,1,17,1.0,27.0,0.0,0.0,729.0,0.0
186,187,17210,1,17,1.0,27.0,0.0,0.0,729.0,1.0
187,184,17212,1,17,1.0,31.0,0.0,0.0,961.0,0.0
188,183,17301,1,17,1.0,39.0,0.0,0.0,1521.0,1.0
189,181,17302,1,17,1.0,37.0,1.0,0.0,1369.0,1.0
190,186,17303,1,17,1.0,33.0,0.0,0.0,1089.0,1.0
191,185,17304,1,17,1.0,37.0,0.0,0.0,1369.0,1.0
192,182,17305,1,17,1.0,36.0,0.0,0.0,1296.0,1.0
193,177,17306,1,17,1.0,21.0,0.0,0.0,441.0,0.0
194,199,21101,2,21,2.0,48.0,1.0,1.0,2304.0,1.0
195,208,21111,2,21,2.0,42.0,1.0,1.0,1764.0,1.0
196,201,21112,2,21,2.0,50.0,1.0,1.0,2500.0,0.0
197,204,21113,2,21,2.0,36.0,1.0,1.0,1296.0,1.0
198,202,21114,2,21,2.0,47.0,1.0,1.0,2209.0,1.0
199,205,21115,2,21,2.0,50.0,1.0,1.0,2500.0,0.0
200,203,21116,2,21,2.0,42.0,1.0,1.0,1764.0,0.0
201,200,21117,2,21,2.0,49.0,1.0,1.0,2401.0,0.0
202,198,21118,2,21,2.0,32.0,1.0,1.0,1024.0,1.0
203,216,21119,2,21,2.0,21.0,1.0,1.0,441.0,1.0
204,209,21201,2,21,2.0,29.0,1.0,1.0,841.0,1.0
205,211,21202,2,21,2.0,56.0,1.0,1.0,3136.0,0.0
206,210,21205,2,21,2.0,31.0,1.0,1.0,961.0,1.0
207,207,21206,2,21,2.0,36.0,1.0,1.0,1296.0,1.0
208,212,21208,2,21,2.0,25.0,1.0,1.0,625.0,0.0
209,214,21209,2,21,2.0,53.0,1.0,1.0,2809.0,1.0
210,213,21210,2,21,2.0,33.0,1.0,1.0,1089.0,1.0
211,215,21211,2,21,2.0,36.0,0.0,1.0,1296.0,1.0
212,223,21301,2,21,2.0,32.0,1.0,1.0,1024.0,1.0
213,220,21302,2,21,2.0,44.0,1.0,1.0,1936.0,0.0
214,222,21304,2,21,2.0,34.0,0.0,1.0,1156.0,1.0
215,219,21305,2,21,2.0,30.0,1.0,1.0,900.0,0.0
216,217,21306,2,21,2.0,39.0,1.0,1.0,1521.0,1.0
217,218,21308,2,21,2.0,46.0,1.0,1.0,2116.0,1.0
218,225,21311,2,21,2.0,28.0,1.0,1.0,784.0,1.0
219,224,21312,2,21,2.0,49.0,1.0,1.0,2401.0,0.0
220,221,21313,2,21,2.0,34.0,1.0,1.0,1156.0,1.0
221,206,21314,2,21,2.0,45.0,1.0,1.0,2025.0,1.0
222,238,22103,2,22,1.0,48.0,1.0,0.0,2304.0,1.0
223,243,22106,2,22,1.0,44.0,1.0,0.0,1936.0,0.0
224,255,22108,2,22,1.0,41.0,1.0,0.0,1681.0,0.0
225,241,22110,2,22,1.0,24.0,0.0,0.0,576.0,1.0
226,237,22111,2,22,1.0,35.0,0.0,0.0,1225.0,0.0
227,234,22112,2,22,1.0,41.0,1.0,0.0,1681.0,1.0
228,240,22113,2,22,1.0,48.0,1.0,1.0,2304.0,1.0
229,227,22114,2,22,1.0,34.0,1.0,0.0,1156.0,0.0
230,242,22115,2,22,1.0,42.0,1.0,0.0,1764.0,1.0
231,232,22116,2,22,1.0,29.0,1.0,0.0,841.0,1.0
232,233,22117,2,22,1.0,38.0,1.0,0.0,1444.0,0.0
233,244,22118,2,22,1.0,58.0,1.0,0.0,3364.0,1.0
234,235,22119,2,22,1.0,30.0,1.0,0.0,900.0,1.0
235,231,22120,2,22,1.0,25.0,1.0,0.0,625.0,1.0
236,226,22121,2,22,1.0,43.0,1.0,0.0,1849.0,0.0
237,249,22201,2,22,1.0,37.0,1.0,0.0,1369.0,1.0
238,250,22202,2,22,1.0,39.0,1.0,0.0,1521.0,1.0
239,253,22203,2,22,1.0,43.0,1.0,0.0,1849.0,1.0
240,251,22204,2,22,1.0,44.0,1.0,0.0,1936.0,0.0
241,236,22206,2,22,1.0,33.0,1.0,0.0,1089.0,1.0
242,252,22208,2,22,1.0,35.0,1.0,0.0,1225.0,1.0
243,228,22210,2,22,1.0,28.0,1.0,0.0,784.0,1.0
244,239,22212,2,22,1.0,31.0,1.0,0.0,961.0,0.0
245,248,22213,2,22,1.0,35.0,0.0,0.0,1225.0,0.0
246,230,22215,2,22,1.0,53.0,1.0,0.0,2809.0,0.0
247,229,22216,2,22,1.0,39.0,0.0,0.0,1521.0,0.0
248,246,22217,2,22,1.0,48.0,0.0,0.0,2304.0,0.0
249,245,22218,2,22,1.0,31.0,1.0,0.0,961.0,1.0
250,254,22219,2,22,1.0,48.0,1.0,0.0,2304.0,1.0
251,247,22220,2,22,1.0,40.0,1.0,0.0,1600.0,1.0
252,282,23104,2,23,2.0,41.0,0.0,1.0,1681.0,0.0
253,275,23105,2,23,2.0,44.0,1.0,1.0,1936.0,1.0
254,259,23106,2,23,2.0,45.0,1.0,1.0,2025.0,1.0
255,276,23107,2,23,2.0,29.0,0.0,1.0,841.0,1.0
256,266,23108,2,23,2.0,41.0,1.0,0.0,1681.0,0.0
257,261,23109,2,23,2.0,42.0,1.0,1.0,1764.0,1.0
258,263,23110,2,23,2.0,41.0,1.0,1.0,1681.0,1.0
259,265,23113,2,23,2.0,38.0,1.0,1.0,1444.0,1.0
260,279,23115,2,23,2.0,47.0,1.0,1.0,2209.0,1.0
261,260,23116,2,23,2.0,46.0,1.0,1.0,2116.0,1.0
262,274,23117,2,23,2.0,45.0,1.0,1.0,2025.0,1.0
263,277,23118,2,23,2.0,32.0,1.0,1.0,1024.0,1.0
264,283,23119,2,23,2.0,38.0,1.0,1.0,1444.0,0.0
265,264,23120,2,23,2.0,28.0,0.0,1.0,784.0,0.0
266,269,23201,2,23,2.0,41.0,1.0,1.0,1681.0,1.0
267,280,23202,2,23,2.0,42.0,0.0,1.0,1764.0,1.0
268,281,23203,2,23,2.0,41.0,1.0,1.0,1681.0,1.0
269,270,23204,2,23,2.0,32.0,0.0,0.0,1024.0,1.0
270,267,23205,2,23,2.0,29.0,1.0,1.0,841.0,1.0
271,257,23206,2,23,2.0,28.0,1.0,1.0,784.0,0.0
272,256,23208,2,23,2.0,40.0,1.0,1.0,1600.0,1.0
273,262,23213,2,23,2.0,33.0,1.0,1.0,1089.0,0.0
274,278,23215,2,23,2.0,34.0,1.0,1.0,1156.0,0.0
275,258,23216,2,23,2.0,38.0,0.0,1.0,1444.0,1.0
276,268,23217,2,23,2.0,30.0,1.0,1.0,900.0,1.0
277,273,23218,2,23,2.0,55.0,0.0,1.0,3025.0,0.0
278,272,23219,2,23,2.0,40.0,1.0,1.0,1600.0,0.0
279,271,23220,2,23,2.0,43.0,0.0,1.0,1849.0,0.0
280,287,24101,2,24,2.0,58.0,1.0,1.0,3364.0,1.0
281,285,24102,2,24,2.0,47.0,0.0,0.0,2209.0,1.0
282,306,24103,2,24,2.0,50.0,1.0,1.0,2500.0,1.0
283,300,24104,2,24,2.0,33.0,1.0,1.0,1089.0,1.0
284,284,24115,2,24,2.0,46.0,1.0,1.0,2116.0,0.0
285,289,24117,2,24,2.0,39.0,1.0,1.0,1521.0,1.0
286,308,24118,2,24,2.0,50.0,0.0,0.0,2500.0,0.0
287,295,24119,2,24,2.0,63.0,1.0,1.0,3969.0,0.0
288,286,24120,2,24,2.0,56.0,1.0,1.0,3136.0,0.0
289,312,24124,2,24,2.0,36.0,0.0,1.0,1296.0,1.0
290,297,24125,2,24,2.0,53.0,0.0,1.0,2809.0,1.0
291,298,24130,2,24,2.0,38.0,1.0,1.0,1444.0,1.0
292,305,24131,2,24,2.0,45.0,0.0,1.0,2025.0,1.0
293,307,24132,2,24,2.0,46.0,0.0,1.0,2116.0,1.0
294,299,24133,2,24,2.0,50.0,1.0,1.0,2500.0,1.0
295,288,24134,2,24,2.0,42.0,1.0,1.0,1764.0,1.0
296,291,24135,2,24,2.0,28.0,1.0,1.0,784.0,1.0
297,311,24136,2,24,2.0,45.0,0.0,1.0,2025.0,1.0
298,292,24137,2,24,2.0,37.0,1.0,1.0,1369.0,1.0
299,303,24138,2,24,2.0,28.0,1.0,1.0,784.0,1.0
300,304,24139,2,24,2.0,35.0,1.0,1.0,1225.0,1.0
301,309,24140,2,24,2.0,37.0,1.0,0.0,1369.0,1.0
302,293,24141,2,24,2.0,34.0,1.0,0.0,1156.0,1.0
303,296,24142,2,24,2.0,51.0,0.0,1.0,2601.0,1.0
304,301,24143,2,24,2.0,42.0,1.0,1.0,1764.0,1.0
305,294,24144,2,24,2.0,45.0,1.0,1.0,2025.0,1.0
306,290,24145,2,24,2.0,48.0,1.0,1.0,2304.0,0.0
307,310,24147,2,24,2.0,61.0,1.0,1.0,3721.0,0.0
308,302,24148,2,24,2.0,25.0,0.0,1.0,625.0,1.0
309,319,25102,2,25,2.0,42.0,1.0,1.0,1764.0,1.0
310,329,25104,2,25,2.0,45.0,1.0,1.0,2025.0,1.0
311,331,25107,2,25,2.0,37.0,0.0,1.0,1369.0,1.0
312,332,25110,2,25,2.0,47.0,1.0,1.0,2209.0,0.0
313,336,25111,2,25,2.0,48.0,1.0,1.0,2304.0,1.0
314,313,25112,2,25,2.0,42.0,1.0,1.0,1764.0,0.0
315,316,25113,2,25,2.0,51.0,1.0,1.0,2601.0,1.0
316,315,25114,2,25,2.0,35.0,1.0,1.0,1225.0,0.0
317,321,25116,2,25,2.0,68.0,1.0,0.0,4624.0,0.0
318,322,25117,2,25,2.0,31.0,0.0,1.0,961.0,1.0
319,327,25118,2,25,2.0,33.0,1.0,1.0,1089.0,1.0
320,328,25119,2,25,2.0,39.0,1.0,0.0,1521.0,1.0
321,333,25120,2,25,2.0,37.0,1.0,1.0,1369.0,1.0
322,334,25121,2,25,2.0,22.0,1.0,1.0,484.0,1.0
323,337,25122,2,25,2.0,38.0,1.0,1.0,1444.0,1.0
324,320,25202,2,25,2.0,37.0,1.0,1.0,1369.0,1.0
325,318,25203,2,25,2.0,56.0,1.0,1.0,3136.0,0.0
326,323,25204,2,25,2.0,40.0,1.0,1.0,1600.0,1.0
327,314,25205,2,25,2.0,28.0,1.0,1.0,784.0,1.0
328,317,25210,2,25,2.0,27.0,1.0,0.0,729.0,1.0
329,338,25212,2,25,2.0,30.0,1.0,1.0,900.0,1.0
330,324,25213,2,25,2.0,51.0,1.0,1.0,2601.0,1.0
331,330,25214,2,25,2.0,42.0,1.0,1.0,1764.0,1.0
332,326,25215,2,25,2.0,44.0,0.0,1.0,1936.0,1.0
333,325,25216,2,25,2.0,52.0,1.0,1.0,2704.0,0.0
334,335,25217,2,25,2.0,25.0,0.0,1.0,625.0,1.0
335,350,26102,2,26,1.0,38.0,1.0,1.0,1444.0,0.0
336,354,26104,2,26,1.0,40.0,1.0,1.0,1600.0,0.0
337,340,26105,2,26,1.0,53.0,1.0,1.0,2809.0,1.0
338,342,26106,2,26,1.0,32.0,1.0,1.0,1024.0,1.0
339,349,26107,2,26,1.0,49.0,1.0,1.0,2401.0,1.0
340,358,26108,2,26,1.0,22.0,0.0,1.0,484.0,1.0
341,355,26110,2,26,1.0,43.0,0.0,1.0,1849.0,1.0
342,362,26112,2,26,1.0,49.0,1.0,1.0,2401.0,0.0
343,353,26113,2,26,1.0,35.0,1.0,1.0,1225.0,0.0
344,357,26114,2,26,1.0,43.0,0.0,1.0,1849.0,1.0
345,341,26116,2,26,1.0,43.0,1.0,1.0,1849.0,1.0
346,348,26117,2,26,1.0,30.0,1.0,1.0,900.0,0.0
347,364,26118,2,26,1.0,40.0,0.0,0.0,1600.0,1.0
348,343,26119,2,26,1.0,40.0,1.0,1.0,1600.0,1.0
349,347,26120,2,26,1.0,36.0,1.0,1.0,1296.0,1.0
350,361,26201,2,26,1.0,24.0,1.0,1.0,576.0,1.0
351,356,26203,2,26,1.0,49.0,1.0,1.0,2401.0,0.0
352,359,26205,2,26,1.0,25.0,1.0,1.0,625.0,1.0
353,344,26206,2,26,1.0,43.0,1.0,1.0,1849.0,1.0
354,345,26207,2,26,1.0,28.0,1.0,1.0,784.0,1.0
355,363,26210,2,26,1.0,42.0,1.0,1.0,1764.0,0.0
356,346,26212,2,26,1.0,27.0,1.0,1.0,729.0,1.0
357,351,26213,2,26,1.0,38.0,1.0,1.0,1444.0,0.0
358,360,26214,2,26,1.0,25.0,1.0,1.0,625.0,0.0
359,352,26215,2,26,1.0,28.0,1.0,1.0,784.0,1.0
360,339,26216,2,26,1.0,43.0,1.0,1.0,1849.0,1.0
361,377,27101,2,27,1.0,39.0,1.0,1.0,1521.0,0.0
362,367,27102,2,27,1.0,51.0,1.0,1.0,2601.0,1.0
363,378,27104,2,27,1.0,44.0,1.0,0.0,1936.0,1.0
364,386,27106,2,27,1.0,28.0,0.0,1.0,784.0,0.0
365,369,27115,2,27,1.0,51.0,1.0,1.0,2601.0,1.0
366,366,27116,2,27,1.0,39.0,1.0,1.0,1521.0,0.0
367,373,27117,2,27,1.0,29.0,1.0,1.0,841.0,0.0
368,368,27119,2,27,1.0,39.0,1.0,0.0,1521.0,1.0
369,391,27120,2,27,1.0,44.0,1.0,0.0,1936.0,1.0
370,382,27121,2,27,1.0,47.0,0.0,1.0,2209.0,1.0
371,384,27126,2,27,1.0,40.0,1.0,1.0,1600.0,1.0
372,392,27129,2,27,1.0,29.0,1.0,0.0,841.0,1.0
373,385,27130,2,27,1.0,33.0,0.0,0.0,1089.0,1.0
374,365,27131,2,27,1.0,37.0,1.0,1.0,1369.0,1.0
375,387,27132,2,27,1.0,44.0,0.0,1.0,1936.0,1.0
376,379,27133,2,27,1.0,37.0,1.0,1.0,1369.0,1.0
377,374,27134,2,27,1.0,21.0,1.0,1.0,441.0,0.0
378,389,27135,2,27,1.0,30.0,0.0,0.0,900.0,1.0
379,388,27136,2,27,1.0,29.0,1.0,0.0,841.0,1.0
380,381,27137,2,27,1.0,38.0,0.0,1.0,1444.0,0.0
381,375,27138,2,27,1.0,45.0,1.0,1.0,2025.0,1.0
382,370,27139,2,27,1.0,41.0,1.0,1.0,1681.0,1.0
383,383,27140,2,27,1.0,37.0,1.0,1.0,1369.0,1.0
384,390,27142,2,27,1.0,40.0,0.0,0.0,1600.0,1.0
385,380,27143,2,27,1.0,39.0,0.0,1.0,1521.0,0.0
386,372,27144,2,27,1.0,39.0,1.0,0.0,1521.0,1.0
387,371,27145,2,27,1.0,41.0,1.0,0.0,1681.0,1.0
388,376,27146,2,27,1.0,37.0,1.0,1.0,1369.0,1.0
389,403,28101,2,28,0.0,54.0,1.0,1.0,2916.0,1.0
390,422,28103,2,28,0.0,52.0,1.0,0.0,2704.0,0.0
391,418,28104,2,28,0.0,50.0,1.0,0.0,2500.0,1.0
392,398,28105,2,28,0.0,26.0,1.0,0.0,676.0,1.0
393,399,28106,2,28,0.0,29.0,1.0,1.0,841.0,1.0
394,410,28107,2,28,0.0,44.0,1.0,1.0,1936.0,1.0
395,407,28108,2,28,0.0,42.0,1.0,1.0,1764.0,0.0
396,405,28109,2,28,0.0,39.0,1.0,1.0,1521.0,0.0
397,404,28111,2,28,0.0,23.0,1.0,1.0,529.0,1.0
398,401,28112,2,28,0.0,65.0,1.0,1.0,4225.0,0.0
399,393,28113,2,28,0.0,23.0,1.0,1.0,529.0,0.0
400,417,28114,2,28,0.0,28.0,0.0,1.0,784.0,0.0
401,414,28115,2,28,0.0,53.0,0.0,1.0,2809.0,0.0
402,402,28116,2,28,0.0,54.0,1.0,1.0,2916.0,1.0
403,412,28117,2,28,0.0,55.0,0.0,1.0,3025.0,0.0
404,396,28201,2,28,0.0,29.0,1.0,1.0,841.0,1.0
405,413,28202,2,28,0.0,57.0,1.0,0.0,3249.0,0.0
406,416,28203,2,28,0.0,55.0,1.0,0.0,3025.0,0.0
407,419,28204,2,28,0.0,44.0,1.0,1.0,1936.0,0.0
408,408,28205,2,28,0.0,43.0,1.0,1.0,1849.0,1.0
409,409,28207,2,28,0.0,35.0,0.0,1.0,1225.0,0.0
410,411,28208,2,28,0.0,41.0,1.0,1.0,1681.0,0.0
411,406,28209,2,28,0.0,35.0,1.0,1.0,1225.0,1.0
412,415,28210,2,28,0.0,39.0,1.0,0.0,1521.0,1.0
413,397,28212,2,28,0.0,28.0,1.0,1.0,784.0,1.0
414,395,28213,2,28,0.0,45.0,1.0,1.0,2025.0,1.0
415,400,28214,2,28,0.0,47.0,1.0,1.0,2209.0,1.0
416,394,28215,2,28,0.0,41.0,1.0,1.0,1681.0,1.0
417,421,28216,2,28,0.0,52.0,0.0,1.0,2704.0,0.0
418,420,28217,2,28,0.0,30.0,0.0,0.0,900.0,1.0
419,440,29102,2,29,0.0,35.0,1.0,1.0,1225.0,1.0
420,447,29103,2,29,0.0,28.0,1.0,1.0,784.0,1.0
421,427,29107,2,29,0.0,31.0,1.0,1.0,961.0,1.0
422,424,29108,2,29,0.0,38.0,1.0,1.0,1444.0,1.0
423,446,29111,2,29,0.0,43.0,0.0,1.0,1849.0,0.0
424,432,29115,2,29,0.0,37.0,1.0,1.0,1369.0,0.0
425,434,29116,2,29,0.0,35.0,1.0,1.0,1225.0,1.0
426,443,29117,2,29,0.0,54.0,1.0,0.0,2916.0,1.0
427,428,29118,2,29,0.0,24.0,1.0,1.0,576.0,0.0
428,429,29119,2,29,0.0,49.0,0.0,1.0,2401.0,1.0
429,438,29120,2,29,0.0,33.0,1.0,1.0,1089.0,1.0
430,436,29121,2,29,0.0,32.0,0.0,1.0,1024.0,1.0
431,430,29122,2,29,0.0,41.0,0.0,1.0,1681.0,1.0
432,444,29123,2,29,0.0,40.0,1.0,1.0,1600.0,0.0
433,423,29124,2,29,0.0,37.0,1.0,1.0,1369.0,0.0
434,445,29202,2,29,0.0,30.0,0.0,1.0,900.0,0.0
435,426,29203,2,29,0.0,50.0,1.0,1.0,2500.0,1.0
436,439,29206,2,29,0.0,37.0,1.0,1.0,1369.0,1.0
437,433,29211,2,29,0.0,33.0,1.0,1.0,1089.0,1.0
438,425,29212,2,29,0.0,38.0,0.0,1.0,1444.0,0.0
439,437,29216,2,29,0.0,42.0,1.0,1.0,1764.0,0.0
440,431,29217,2,29,0.0,35.0,1.0,1.0,1225.0,1.0
441,452,29218,2,29,0.0,54.0,0.0,1.0,2916.0,1.0
442,442,29219,2,29,0.0,47.0,0.0,0.0,2209.0,0.0
443,450,29220,2,29,0.0,45.0,1.0,1.0,2025.0,0.0
444,448,29221,2,29,0.0,39.0,1.0,1.0,1521.0,1.0
445,435,29222,2,29,0.0,33.0,1.0,1.0,1089.0,1.0
446,449,29223,2,29,0.0,24.0,1.0,1.0,576.0,0.0
447,451,29225,2,29,0.0,57.0,1.0,1.0,3249.0,1.0
448,441,29226,2,29,0.0,40.0,1.0,1.0,1600.0,1.0
449,481,30103,2,210,1.0,62.0,1.0,1.0,3844.0,0.0
450,469,30104,2,210,1.0,55.0,1.0,1.0,3025.0,0.0
451,463,30105,2,210,1.0,58.0,1.0,0.0,3364.0,0.0
452,465,30106,2,210,1.0,61.0,1.0,1.0,3721.0,1.0
453,461,30107,2,210,1.0,45.0,1.0,1.0,2025.0,0.0
454,464,30109,2,210,1.0,68.0,1.0,1.0,4624.0,1.0
455,460,30110,2,210,1.0,46.0,1.0,1.0,2116.0,0.0
456,474,30112,2,210,1.0,43.0,0.0,0.0,1849.0,0.0
457,455,30113,2,210,1.0,19.0,1.0,1.0,361.0,0.0
458,466,30114,2,210,1.0,64.0,1.0,0.0,4096.0,0.0
459,470,30116,2,210,1.0,28.0,0.0,1.0,784.0,0.0
460,458,30117,2,210,1.0,20.0,1.0,1.0,400.0,0.0
461,476,30119,2,210,1.0,45.0,1.0,1.0,2025.0,1.0
462,473,30122,2,210,1.0,33.0,1.0,1.0,1089.0,0.0
463,459,30124,2,210,1.0,26.0,0.0,1.0,676.0,0.0
464,471,30127,2,210,1.0,38.0,1.0,1.0,1444.0,0.0
465,453,30131,2,210,1.0,36.0,1.0,1.0,1296.0,1.0
466,457,30132,2,210,1.0,32.0,1.0,0.0,1024.0,1.0
467,467,30133,2,210,1.0,49.0,1.0,1.0,2401.0,0.0
468,478,30134,2,210,1.0,44.0,1.0,0.0,1936.0,1.0
469,454,30135,2,210,1.0,42.0,1.0,1.0,1764.0,1.0
470,462,30136,2,210,1.0,29.0,1.0,0.0,841.0,1.0
471,477,30137,2,210,1.0,29.0,0.0,1.0,841.0,1.0
472,480,30138,2,210,1.0,34.0,0.0,1.0,1156.0,1.0
473,456,30139,2,210,1.0,52.0,1.0,1.0,2704.0,1.0
474,475,30140,2,210,1.0,35.0,0.0,0.0,1225.0,1.0
475,472,30141,2,210,1.0,43.0,0.0,1.0,1849.0,1.0
476,468,30142,2,210,1.0,28.0,1.0,1.0,784.0,1.0
477,479,30143,2,210,1.0,29.0,1.0,1.0,841.0,0.0
478,487,31101,3,31,2.0,44.0,1.0,1.0,1936.0,1.0
479,491,31102,3,31,2.0,31.0,1.0,1.0,961.0,0.0
480,503,31104,3,31,2.0,48.0,1.0,1.0,2304.0,1.0
481,507,31105,3,31,2.0,40.0,1.0,1.0,1600.0,1.0
482,506,31106,3,31,2.0,30.0,1.0,1.0,900.0,1.0
483,505,31108,3,31,2.0,28.0,1.0,1.0,784.0,1.0
484,488,31109,3,31,2.0,38.0,1.0,1.0,1444.0,1.0
485,502,31110,3,31,2.0,35.0,0.0,1.0,1225.0,1.0
486,490,31111,3,31,2.0,38.0,1.0,1.0,1444.0,1.0
487,501,31112,3,31,2.0,39.0,1.0,1.0,1521.0,1.0
488,489,31113,3,31,2.0,55.0,1.0,1.0,3025.0,1.0
489,493,31116,3,31,2.0,49.0,1.0,1.0,2401.0,1.0
490,492,31117,3,31,2.0,48.0,1.0,1.0,2304.0,1.0
491,484,31118,3,31,2.0,43.0,1.0,1.0,1849.0,1.0
492,504,31122,3,31,2.0,44.0,1.0,1.0,1936.0,1.0
493,494,31123,3,31,2.0,48.0,1.0,1.0,2304.0,0.0
494,500,31126,3,31,2.0,23.0,1.0,1.0,529.0,1.0
495,482,31127,3,31,2.0,44.0,0.0,1.0,1936.0,1.0
496,483,31128,3,31,2.0,32.0,1.0,1.0,1024.0,0.0
497,499,31129,3,31,2.0,47.0,1.0,1.0,2209.0,0.0
498,498,31131,3,31,2.0,32.0,0.0,1.0,1024.0,1.0
499,496,31132,3,31,2.0,37.0,1.0,1.0,1369.0,1.0
500,510,31133,3,31,2.0,43.0,1.0,1.0,1849.0,1.0
501,511,31134,3,31,2.0,42.0,1.0,1.0,1764.0,0.0
502,497,31135,3,31,2.0,38.0,0.0,1.0,1444.0,1.0
503,485,31137,3,31,2.0,35.0,1.0,1.0,1225.0,1.0
504,509,31138,3,31,2.0,26.0,1.0,1.0,676.0,0.0
505,508,31139,3,31,2.0,41.0,1.0,1.0,1681.0,1.0
506,486,31140,3,31,2.0,55.0,0.0,1.0,3025.0,1.0
507,495,31141,3,31,2.0,26.0,1.0,1.0,676.0,1.0
508,537,32102,3,32,0.0,40.0,1.0,1.0,1600.0,1.0
509,531,32103,3,32,0.0,44.0,1.0,1.0,1936.0,0.0
510,519,32104,3,32,0.0,37.0,1.0,1.0,1369.0,0.0
511,538,32106,3,32,0.0,36.0,1.0,1.0,1296.0,1.0
512,535,32107,3,32,0.0,38.0,1.0,1.0,1444.0,1.0
513,543,32108,3,32,0.0,26.0,1.0,1.0,676.0,1.0
514,532,32201,3,32,0.0,35.0,1.0,1.0,1225.0,1.0
515,530,32204,3,32,0.0,36.0,0.0,1.0,1296.0,0.0
516,523,32205,3,32,0.0,67.0,1.0,1.0,4489.0,0.0
517,524,32206,3,32,0.0,59.0,1.0,1.0,3481.0,0.0
518,515,32207,3,32,0.0,28.0,1.0,1.0,784.0,1.0
519,526,32208,3,32,0.0,28.0,0.0,1.0,784.0,0.0
520,512,32302,3,32,0.0,47.0,0.0,1.0,2209.0,0.0
521,513,32304,3,32,0.0,43.0,0.0,1.0,1849.0,1.0
522,522,32305,3,32,0.0,55.0,1.0,1.0,3025.0,0.0
523,525,32306,3,32,0.0,47.0,1.0,1.0,2209.0,0.0
524,533,32307,3,32,0.0,40.0,1.0,1.0,1600.0,1.0
525,518,32308,3,32,0.0,31.0,1.0,1.0,961.0,0.0
526,514,32401,3,32,0.0,40.0,1.0,1.0,1600.0,0.0
527,539,32403,3,32,0.0,54.0,1.0,1.0,2916.0,0.0
528,521,32404,3,32,0.0,49.0,0.0,1.0,2401.0,0.0
529,540,32405,3,32,0.0,53.0,1.0,1.0,2809.0,1.0
530,541,32406,3,32,0.0,32.0,1.0,1.0,1024.0,1.0
531,516,32407,3,32,0.0,41.0,1.0,1.0,1681.0,1.0
532,520,32501,3,32,0.0,50.0,0.0,1.0,2500.0,1.0
533,529,32506,3,32,0.0,39.0,0.0,1.0,1521.0,0.0
534,542,32507,3,32,0.0,42.0,1.0,1.0,1764.0,1.0
535,528,32508,3,32,0.0,35.0,1.0,1.0,1225.0,1.0
536,527,32509,3,32,0.0,46.0,1.0,1.0,2116.0,1.0
537,534,32510,3,32,0.0,32.0,1.0,1.0,1024.0,1.0
538,536,32511,3,32,0.0,38.0,1.0,1.0,1444.0,1.0
539,517,32512,3,32,0.0,50.0,0.0,1.0,2500.0,1.0
540,560,33101,3,33,1.0,36.0,1.0,1.0,1296.0,1.0
541,567,33102,3,33,1.0,33.0,1.0,1.0,1089.0,1.0
542,552,33105,3,33,1.0,28.0,1.0,1.0,784.0,0.0
543,564,33106,3,33,1.0,27.0,1.0,1.0,729.0,1.0
544,555,33107,3,33,1.0,39.0,1.0,1.0,1521.0,1.0
545,548,33201,3,33,1.0,50.0,1.0,1.0,2500.0,1.0
546,544,33202,3,33,1.0,35.0,1.0,1.0,1225.0,1.0
547,563,33204,3,33,1.0,26.0,1.0,1.0,676.0,1.0
548,551,33206,3,33,1.0,50.0,1.0,1.0,2500.0,0.0
549,547,33208,3,33,1.0,25.0,0.0,1.0,625.0,0.0
550,556,33210,3,33,1.0,25.0,1.0,1.0,625.0,0.0
551,558,33211,3,33,1.0,50.0,1.0,1.0,2500.0,1.0
552,553,33212,3,33,1.0,53.0,1.0,1.0,2809.0,1.0
553,562,33213,3,33,1.0,24.0,1.0,1.0,576.0,0.0
554,561,33301,3,33,1.0,47.0,1.0,1.0,2209.0,0.0
555,546,33304,3,33,1.0,39.0,1.0,1.0,1521.0,0.0
556,568,33305,3,33,1.0,48.0,1.0,1.0,2304.0,1.0
557,550,33306,3,33,1.0,33.0,1.0,1.0,1089.0,1.0
558,557,33307,3,33,1.0,52.0,1.0,1.0,2704.0,1.0
559,565,33308,3,33,1.0,,1.0,1.0,,1.0
560,569,33406,3,33,1.0,55.0,1.0,1.0,3025.0,1.0
561,549,33408,3,33,1.0,36.0,1.0,1.0,1296.0,1.0
562,554,33410,3,33,1.0,60.0,1.0,1.0,3600.0,0.0
563,566,33411,3,33,1.0,25.0,1.0,1.0,625.0,0.0
564,559,33412,3,33,1.0,36.0,1.0,1.0,1296.0,1.0
565,545,33413,3,33,1.0,43.0,1.0,1.0,1849.0,1.0
566,573,34101,3,34,2.0,43.0,0.0,1.0,1849.0,1.0
567,597,34102,3,34,2.0,57.0,1.0,1.0,3249.0,1.0
568,572,34104,3,34,2.0,40.0,1.0,1.0,1600.0,1.0
569,571,34105,3,34,2.0,52.0,0.0,1.0,2704.0,0.0
570,596,34106,3,34,2.0,37.0,1.0,1.0,1369.0,0.0
571,570,34107,3,34,2.0,30.0,1.0,1.0,900.0,1.0
572,584,34108,3,34,2.0,45.0,1.0,1.0,2025.0,1.0
573,591,34109,3,34,2.0,34.0,0.0,1.0,1156.0,1.0
574,590,34111,3,34,2.0,34.0,0.0,1.0,1156.0,1.0
575,589,34112,3,34,2.0,30.0,0.0,1.0,900.0,1.0
576,588,34113,3,34,2.0,32.0,0.0,1.0,1024.0,1.0
577,595,34114,3,34,2.0,29.0,1.0,1.0,841.0,1.0
578,583,34115,3,34,2.0,33.0,1.0,1.0,1089.0,1.0
579,574,34116,3,34,2.0,42.0,1.0,1.0,1764.0,1.0
580,582,34117,3,34,2.0,39.0,1.0,1.0,1521.0,1.0
581,581,34118,3,34,2.0,35.0,1.0,1.0,1225.0,1.0
582,587,34120,3,34,2.0,21.0,1.0,1.0,441.0,1.0
583,580,34122,3,34,2.0,36.0,0.0,1.0,1296.0,1.0
584,579,34123,3,34,2.0,33.0,0.0,1.0,1089.0,1.0
585,575,34124,3,34,2.0,39.0,1.0,1.0,1521.0,1.0
586,586,34125,3,34,2.0,36.0,0.0,1.0,1296.0,1.0
587,585,34126,3,34,2.0,31.0,1.0,1.0,961.0,1.0
588,594,34127,3,34,2.0,36.0,1.0,1.0,1296.0,1.0
589,578,34130,3,34,2.0,35.0,0.0,1.0,1225.0,1.0
590,593,34131,3,34,2.0,37.0,0.0,1.0,1369.0,1.0
591,592,34132,3,34,2.0,41.0,1.0,1.0,1681.0,1.0
592,577,34133,3,34,2.0,39.0,1.0,1.0,1521.0,1.0
593,576,34134,3,34,2.0,39.0,1.0,1.0,1521.0,1.0
594,605,35101,3,35,0.0,46.0,1.0,1.0,2116.0,1.0
595,615,35102,3,35,0.0,31.0,1.0,1.0,961.0,1.0
596,606,35103,3,35,0.0,38.0,1.0,1.0,1444.0,0.0
597,614,35104,3,35,0.0,38.0,1.0,1.0,1444.0,1.0
598,608,35105,3,35,0.0,40.0,1.0,1.0,1600.0,1.0
599,607,35107,3,35,0.0,36.0,0.0,1.0,1296.0,1.0
600,616,35202,3,35,0.0,46.0,0.0,1.0,2116.0,0.0
601,623,35203,3,35,0.0,38.0,1.0,1.0,1444.0,1.0
602,599,35204,3,35,0.0,37.0,1.0,1.0,1369.0,1.0
603,628,35205,3,35,0.0,34.0,1.0,1.0,1156.0,1.0
604,601,35302,3,35,0.0,49.0,0.0,1.0,2401.0,0.0
605,610,35303,3,35,0.0,39.0,1.0,1.0,1521.0,0.0
606,618,35304,3,35,0.0,49.0,0.0,1.0,2401.0,0.0
607,600,35305,3,35,0.0,48.0,0.0,1.0,2304.0,0.0
608,609,35306,3,35,0.0,53.0,0.0,1.0,2809.0,1.0
609,598,35402,3,35,0.0,49.0,1.0,1.0,2401.0,0.0
610,620,35403,3,35,0.0,36.0,0.0,1.0,1296.0,1.0
611,602,35405,3,35,0.0,42.0,1.0,1.0,1764.0,0.0
612,611,35407,3,35,0.0,58.0,1.0,1.0,3364.0,1.0
613,619,35408,3,35,0.0,39.0,1.0,1.0,1521.0,0.0
614,617,35409,3,35,0.0,39.0,0.0,1.0,1521.0,0.0
615,625,35504,3,35,0.0,34.0,1.0,1.0,1156.0,1.0
616,624,35505,3,35,0.0,35.0,1.0,1.0,1225.0,1.0
617,603,35506,3,35,0.0,48.0,1.0,1.0,2304.0,0.0
618,612,35507,3,35,0.0,35.0,0.0,1.0,1225.0,1.0
619,604,35512,3,35,0.0,37.0,1.0,1.0,1369.0,1.0
620,627,35513,3,35,0.0,47.0,1.0,1.0,2209.0,1.0
621,622,35520,3,35,0.0,39.0,1.0,1.0,1521.0,1.0
622,613,35521,3,35,0.0,18.0,0.0,1.0,324.0,0.0
623,621,35522,3,35,0.0,47.0,0.0,1.0,2209.0,1.0
624,626,35523,3,35,0.0,37.0,1.0,1.0,1369.0,1.0
625,630,36103,3,36,1.0,49.0,0.0,1.0,2401.0,0.0
626,631,36107,3,36,1.0,44.0,1.0,1.0,1936.0,0.0
627,642,36110,3,36,1.0,40.0,0.0,1.0,1600.0,0.0
628,640,36112,3,36,1.0,47.0,1.0,1.0,2209.0,0.0
629,641,36113,3,36,1.0,44.0,1.0,1.0,1936.0,0.0
630,658,36119,3,36,1.0,40.0,1.0,1.0,1600.0,1.0
631,655,36121,3,36,1.0,33.0,1.0,1.0,1089.0,1.0
632,635,36128,3,36,1.0,44.0,1.0,1.0,1936.0,1.0
633,654,36130,3,36,1.0,31.0,1.0,1.0,961.0,1.0
634,653,36131,3,36,1.0,43.0,1.0,1.0,1849.0,1.0
635,652,36132,3,36,1.0,27.0,1.0,1.0,729.0,1.0
636,632,36133,3,36,1.0,46.0,0.0,1.0,2116.0,0.0
637,650,36134,3,36,1.0,33.0,1.0,1.0,1089.0,1.0
638,646,36135,3,36,1.0,34.0,0.0,1.0,1156.0,1.0
639,648,36136,3,36,1.0,36.0,1.0,1.0,1296.0,1.0
640,649,36137,3,36,1.0,42.0,0.0,1.0,1764.0,1.0
641,645,36138,3,36,1.0,28.0,1.0,1.0,784.0,1.0
642,637,36139,3,36,1.0,45.0,1.0,1.0,2025.0,1.0
643,638,36140,3,36,1.0,35.0,1.0,1.0,1225.0,0.0
644,644,36141,3,36,1.0,50.0,1.0,1.0,2500.0,1.0
645,647,36142,3,36,1.0,43.0,1.0,1.0,1849.0,1.0
646,656,36143,3,36,1.0,45.0,1.0,1.0,2025.0,1.0
647,633,36144,3,36,1.0,31.0,1.0,1.0,961.0,1.0
648,651,36145,3,36,1.0,45.0,1.0,1.0,2025.0,1.0
649,636,36146,3,36,1.0,40.0,1.0,1.0,1600.0,0.0
650,639,36147,3,36,1.0,37.0,1.0,1.0,1369.0,1.0
651,643,36148,3,36,1.0,29.0,1.0,1.0,841.0,1.0
652,657,36149,3,36,1.0,25.0,1.0,1.0,625.0,1.0
653,629,36150,3,36,1.0,34.0,0.0,1.0,1156.0,1.0
654,634,36151,3,36,1.0,46.0,1.0,1.0,2116.0,0.0
655,661,37101,3,37,2.0,41.0,1.0,1.0,1681.0,1.0
656,662,37102,3,37,2.0,44.0,1.0,1.0,1936.0,1.0
657,680,37103,3,37,2.0,50.0,0.0,1.0,2500.0,1.0
658,663,37104,3,37,2.0,39.0,1.0,1.0,1521.0,1.0
659,679,37105,3,37,2.0,35.0,1.0,1.0,1225.0,1.0
660,660,37106,3,37,2.0,43.0,1.0,1.0,1849.0,0.0
661,681,37107,3,37,2.0,38.0,0.0,1.0,1444.0,1.0
662,665,37108,3,37,2.0,46.0,1.0,1.0,2116.0,0.0
663,671,37109,3,37,2.0,52.0,0.0,1.0,2704.0,1.0
664,674,37110,3,37,2.0,46.0,0.0,1.0,2116.0,1.0
665,659,37201,3,37,2.0,47.0,1.0,1.0,2209.0,1.0
666,666,37202,3,37,2.0,35.0,1.0,1.0,1225.0,1.0
667,668,37203,3,37,2.0,49.0,1.0,1.0,2401.0,0.0
668,669,37204,3,37,2.0,45.0,1.0,1.0,2025.0,1.0
669,667,37206,3,37,2.0,31.0,1.0,1.0,961.0,1.0
670,673,37207,3,37,2.0,42.0,0.0,1.0,1764.0,1.0
671,670,37209,3,37,2.0,45.0,1.0,1.0,2025.0,1.0
672,678,37301,3,37,2.0,32.0,0.0,1.0,1024.0,1.0
673,682,37302,3,37,2.0,38.0,1.0,1.0,1444.0,1.0
674,664,37303,3,37,2.0,39.0,1.0,1.0,1521.0,1.0
675,676,37304,3,37,2.0,56.0,1.0,1.0,3136.0,0.0
676,675,37305,3,37,2.0,32.0,0.0,1.0,1024.0,1.0
677,683,37306,3,37,2.0,33.0,1.0,1.0,1089.0,1.0
678,672,37307,3,37,2.0,48.0,1.0,1.0,2304.0,1.0
679,684,37309,3,37,2.0,39.0,0.0,1.0,1521.0,1.0
680,677,37310,3,37,2.0,32.0,0.0,1.0,1024.0,0.0
681,703,38101,3,38,1.0,37.0,0.0,1.0,1369.0,0.0
682,696,38102,3,38,1.0,44.0,1.0,1.0,1936.0,1.0
683,686,38103,3,38,1.0,36.0,0.0,1.0,1296.0,1.0
684,710,38106,3,38,1.0,32.0,1.0,1.0,1024.0,1.0
685,685,38108,3,38,1.0,44.0,0.0,1.0,1936.0,1.0
686,693,38109,3,38,1.0,30.0,0.0,1.0,900.0,0.0
687,687,38110,3,38,1.0,35.0,1.0,1.0,1225.0,1.0
688,709,38201,3,38,1.0,36.0,1.0,1.0,1296.0,1.0
689,701,38202,3,38,1.0,37.0,0.0,1.0,1369.0,1.0
690,697,38204,3,38,1.0,47.0,1.0,1.0,2209.0,1.0
691,712,38205,3,38,1.0,43.0,1.0,1.0,1849.0,1.0
692,695,38206,3,38,1.0,27.0,0.0,1.0,729.0,1.0
693,694,38208,3,38,1.0,28.0,1.0,1.0,784.0,1.0
694,691,38209,3,38,1.0,39.0,0.0,1.0,1521.0,1.0
695,692,38210,3,38,1.0,37.0,0.0,1.0,1369.0,1.0
696,698,38211,3,38,1.0,36.0,1.0,1.0,1296.0,1.0
697,708,38301,3,38,1.0,36.0,1.0,1.0,1296.0,1.0
698,700,38302,3,38,1.0,32.0,1.0,1.0,1024.0,0.0
699,699,38303,3,38,1.0,61.0,1.0,1.0,3721.0,0.0
700,711,38306,3,38,1.0,40.0,1.0,1.0,1600.0,1.0
701,707,38307,3,38,1.0,38.0,0.0,1.0,1444.0,0.0
702,713,38308,3,38,1.0,27.0,1.0,1.0,729.0,1.0
703,688,38309,3,38,1.0,29.0,1.0,1.0,841.0,1.0
704,704,38405,3,38,1.0,38.0,1.0,1.0,1444.0,1.0
705,702,38408,3,38,1.0,45.0,0.0,1.0,2025.0,1.0
706,690,38409,3,38,1.0,36.0,1.0,1.0,1296.0,1.0
707,689,38411,3,38,1.0,40.0,1.0,1.0,1600.0,1.0
708,714,38412,3,38,1.0,39.0,0.0,1.0,1521.0,1.0
709,706,38413,3,38,1.0,37.0,0.0,1.0,1369.0,0.0
710,705,38414,3,38,1.0,43.0,0.0,1.0,1849.0,1.0
711,724,39101,3,39,1.0,41.0,1.0,1.0,1681.0,0.0
712,716,39102,3,39,1.0,45.0,1.0,1.0,2025.0,0.0
713,732,39103,3,39,1.0,33.0,1.0,1.0,1089.0,1.0
714,739,39104,3,39,1.0,37.0,1.0,1.0,1369.0,1.0
715,723,39105,3,39,1.0,33.0,1.0,1.0,1089.0,1.0
716,745,39202,3,39,1.0,38.0,1.0,1.0,1444.0,1.0
717,717,39203,3,39,1.0,33.0,0.0,1.0,1089.0,1.0
718,730,39204,3,39,1.0,29.0,1.0,1.0,841.0,0.0
719,725,39205,3,39,1.0,43.0,1.0,1.0,1849.0,1.0
720,741,39206,3,39,1.0,32.0,1.0,1.0,1024.0,1.0
721,744,39302,3,39,1.0,40.0,0.0,1.0,1600.0,1.0
722,722,39303,3,39,1.0,45.0,1.0,1.0,2025.0,0.0
723,729,39304,3,39,1.0,24.0,1.0,1.0,576.0,1.0
724,715,39305,3,39,1.0,38.0,1.0,1.0,1444.0,1.0
725,727,39306,3,39,1.0,36.0,1.0,1.0,1296.0,1.0
726,719,39307,3,39,1.0,34.0,1.0,1.0,1156.0,1.0
727,731,39401,3,39,1.0,25.0,0.0,1.0,625.0,1.0
728,742,39403,3,39,1.0,53.0,1.0,1.0,2809.0,1.0
729,740,39404,3,39,1.0,42.0,0.0,1.0,1764.0,1.0
730,728,39405,3,39,1.0,31.0,0.0,1.0,961.0,1.0
731,734,39406,3,39,1.0,44.0,1.0,1.0,1936.0,0.0
732,720,39407,3,39,1.0,27.0,1.0,1.0,729.0,0.0
733,726,39504,3,39,1.0,28.0,1.0,1.0,784.0,1.0
734,735,39505,3,39,1.0,38.0,0.0,1.0,1444.0,1.0
735,718,39506,3,39,1.0,69.0,0.0,1.0,4761.0,0.0
736,737,39507,3,39,1.0,42.0,1.0,1.0,1764.0,0.0
737,736,39508,3,39,1.0,43.0,0.0,1.0,1849.0,0.0
738,743,39601,3,39,1.0,41.0,0.0,1.0,1681.0,1.0
739,733,39605,3,39,1.0,51.0,0.0,1.0,2601.0,0.0
740,721,39606,3,39,1.0,31.0,1.0,1.0,961.0,0.0
741,738,39607,3,39,1.0,42.0,1.0,1.0,1764.0,0.0
742,770,40101,3,310,0.0,49.0,1.0,0.0,2401.0,0.0
743,764,40102,3,310,0.0,34.0,1.0,0.0,1156.0,0.0
744,750,40103,3,310,0.0,38.0,1.0,0.0,1444.0,0.0
745,753,40104,3,310,0.0,48.0,1.0,0.0,2304.0,0.0
746,773,40105,3,310,0.0,61.0,1.0,0.0,3721.0,0.0
747,763,40106,3,310,0.0,41.0,0.0,0.0,1681.0,0.0
748,765,40202,3,310,0.0,60.0,1.0,0.0,3600.0,0.0
749,748,40203,3,310,0.0,53.0,1.0,0.0,2809.0,0.0
750,759,40204,3,310,0.0,40.0,1.0,0.0,1600.0,0.0
751,755,40205,3,310,0.0,28.0,0.0,1.0,784.0,1.0
752,761,40206,3,310,0.0,57.0,1.0,0.0,3249.0,0.0
753,769,40207,3,310,0.0,44.0,1.0,0.0,1936.0,0.0
754,751,40301,3,310,0.0,58.0,1.0,0.0,3364.0,0.0
755,754,40302,3,310,0.0,32.0,1.0,0.0,1024.0,1.0
756,752,40304,3,310,0.0,55.0,1.0,0.0,3025.0,0.0
757,767,40305,3,310,0.0,38.0,1.0,0.0,1444.0,0.0
758,771,40306,3,310,0.0,48.0,1.0,0.0,2304.0,0.0
759,756,40307,3,310,0.0,30.0,1.0,0.0,900.0,0.0
760,772,40401,3,310,0.0,51.0,1.0,0.0,2601.0,0.0
761,766,40402,3,310,0.0,43.0,1.0,0.0,1849.0,0.0
762,749,40403,3,310,0.0,60.0,1.0,0.0,3600.0,0.0
763,762,40405,3,310,0.0,51.0,1.0,0.0,2601.0,0.0
764,768,40407,3,310,0.0,30.0,0.0,0.0,900.0,0.0
765,757,40408,3,310,0.0,66.0,0.0,1.0,4356.0,1.0
766,774,40504,3,310,0.0,37.0,1.0,0.0,1369.0,0.0
767,758,40505,3,310,0.0,42.0,0.0,0.0,1764.0,1.0
768,747,40507,3,310,0.0,25.0,0.0,0.0,625.0,1.0
769,775,40508,3,310,0.0,31.0,1.0,0.0,961.0,0.0
770,760,40509,3,310,0.0,62.0,1.0,0.0,3844.0,0.0
771,746,40510,3,310,0.0,42.0,1.0,1.0,1764.0,0.0
772,793,41102,3,311,2.0,27.0,0.0,1.0,729.0,0.0
773,785,41103,3,311,2.0,19.0,0.0,1.0,361.0,0.0
774,797,41105,3,311,2.0,42.0,1.0,1.0,1764.0,1.0
775,795,41106,3,311,2.0,41.0,1.0,1.0,1681.0,1.0
776,786,41201,3,311,2.0,38.0,1.0,1.0,1444.0,0.0
777,790,41202,3,311,2.0,51.0,0.0,1.0,2601.0,1.0
778,791,41203,3,311,2.0,44.0,0.0,1.0,1936.0,1.0
779,788,41204,3,311,2.0,41.0,1.0,1.0,1681.0,1.0
780,780,41206,3,311,2.0,43.0,0.0,1.0,1849.0,1.0
781,782,41301,3,311,2.0,39.0,1.0,1.0,1521.0,0.0
782,783,41303,3,311,2.0,47.0,1.0,1.0,2209.0,0.0
783,778,41305,3,311,2.0,42.0,1.0,1.0,1764.0,0.0
784,779,41306,3,311,2.0,57.0,1.0,1.0,3249.0,0.0
785,792,41307,3,311,2.0,41.0,1.0,1.0,1681.0,0.0
786,789,41308,3,311,2.0,39.0,1.0,1.0,1521.0,0.0
787,794,41309,3,311,2.0,22.0,1.0,1.0,484.0,0.0
788,796,41402,3,311,2.0,40.0,1.0,1.0,1600.0,1.0
789,781,41403,3,311,2.0,47.0,0.0,1.0,2209.0,0.0
790,787,41406,3,311,2.0,32.0,0.0,1.0,1024.0,1.0
791,784,41408,3,311,2.0,51.0,1.0,1.0,2601.0,1.0
792,777,41410,3,311,2.0,29.0,0.0,1.0,841.0,1.0
793,776,41411,3,311,2.0,39.0,1.0,1.0,1521.0,1.0
794,798,41413,3,311,2.0,34.0,1.0,1.0,1156.0,0.0
795,814,42101,4,42,1.0,32.0,0.0,1.0,1024.0,0.0
796,812,42102,4,42,1.0,38.0,1.0,1.0,1444.0,1.0
797,824,42103,4,42,1.0,37.0,1.0,1.0,1369.0,1.0
798,819,42106,4,42,1.0,39.0,0.0,1.0,1521.0,1.0
799,820,42109,4,42,1.0,48.0,0.0,1.0,2304.0,1.0
800,811,42110,4,42,1.0,46.0,1.0,1.0,2116.0,1.0
801,821,42115,4,42,1.0,43.0,1.0,1.0,1849.0,1.0
802,805,42116,4,42,1.0,35.0,1.0,1.0,1225.0,1.0
803,804,42117,4,42,1.0,46.0,1.0,1.0,2116.0,1.0
804,825,42118,4,42,1.0,52.0,1.0,1.0,2704.0,1.0
805,818,42119,4,42,1.0,36.0,0.0,1.0,1296.0,1.0
806,808,42121,4,42,1.0,47.0,1.0,1.0,2209.0,1.0
807,826,42126,4,42,1.0,45.0,0.0,1.0,2025.0,1.0
808,802,42131,4,42,1.0,44.0,0.0,1.0,1936.0,1.0
809,806,42132,4,42,1.0,50.0,1.0,1.0,2500.0,1.0
810,803,42133,4,42,1.0,58.0,1.0,1.0,3364.0,1.0
811,799,42134,4,42,1.0,37.0,1.0,1.0,1369.0,1.0
812,800,42135,4,42,1.0,30.0,1.0,1.0,900.0,1.0
813,801,42136,4,42,1.0,51.0,1.0,1.0,2601.0,0.0
814,815,42137,4,42,1.0,33.0,1.0,1.0,1089.0,1.0
815,816,42138,4,42,1.0,26.0,1.0,1.0,676.0,0.0
816,817,42139,4,42,1.0,54.0,1.0,1.0,2916.0,1.0
817,810,42140,4,42,1.0,38.0,0.0,1.0,1444.0,1.0
818,809,42141,4,42,1.0,50.0,1.0,1.0,2500.0,0.0
819,813,42142,4,42,1.0,33.0,1.0,1.0,1089.0,1.0
820,807,42143,4,42,1.0,38.0,1.0,1.0,1444.0,1.0
821,823,42144,4,42,1.0,48.0,1.0,1.0,2304.0,0.0
822,822,42145,4,42,1.0,49.0,1.0,1.0,2401.0,0.0
823,828,42146,4,42,1.0,29.0,1.0,1.0,841.0,1.0
824,827,42147,4,42,1.0,39.0,1.0,1.0,1521.0,1.0
825,831,43101,4,43,2.0,25.0,1.0,1.0,625.0,1.0
826,846,43103,4,43,2.0,25.0,0.0,0.0,625.0,1.0
827,853,43105,4,43,2.0,52.0,1.0,1.0,2704.0,0.0
828,852,43106,4,43,2.0,29.0,1.0,1.0,841.0,1.0
829,842,43107,4,43,2.0,35.0,0.0,1.0,1225.0,1.0
830,854,43109,4,43,2.0,37.0,1.0,1.0,1369.0,0.0
831,849,43110,4,43,2.0,31.0,0.0,1.0,961.0,0.0
832,839,43111,4,43,2.0,32.0,0.0,1.0,1024.0,0.0
833,835,43113,4,43,2.0,34.0,1.0,1.0,1156.0,0.0
834,848,43115,4,43,2.0,42.0,1.0,1.0,1764.0,1.0
835,858,43118,4,43,2.0,41.0,1.0,1.0,1681.0,1.0
836,833,43119,4,43,2.0,29.0,1.0,1.0,841.0,0.0
837,850,43124,4,43,2.0,37.0,0.0,1.0,1369.0,1.0
838,841,43126,4,43,2.0,36.0,0.0,1.0,1296.0,1.0
839,832,43127,4,43,2.0,30.0,1.0,1.0,900.0,0.0
840,851,43128,4,43,2.0,28.0,1.0,1.0,784.0,0.0
841,840,43129,4,43,2.0,45.0,1.0,1.0,2025.0,0.0
842,857,43130,4,43,2.0,48.0,1.0,1.0,2304.0,0.0
843,837,43131,4,43,2.0,37.0,1.0,1.0,1369.0,0.0
844,829,43132,4,43,2.0,43.0,0.0,1.0,1849.0,1.0
845,836,43133,4,43,2.0,43.0,1.0,1.0,1849.0,0.0
846,834,43134,4,43,2.0,37.0,1.0,1.0,1369.0,1.0
847,847,43135,4,43,2.0,53.0,1.0,1.0,2809.0,1.0
848,844,43136,4,43,2.0,32.0,1.0,1.0,1024.0,1.0
849,845,43137,4,43,2.0,38.0,0.0,1.0,1444.0,1.0
850,843,43138,4,43,2.0,50.0,1.0,1.0,2500.0,0.0
851,856,43139,4,43,2.0,55.0,1.0,1.0,3025.0,0.0
852,855,43140,4,43,2.0,40.0,1.0,1.0,1600.0,1.0
853,830,43141,4,43,2.0,27.0,1.0,1.0,729.0,1.0
854,838,43142,4,43,2.0,37.0,1.0,1.0,1369.0,1.0
855,876,44105,4,44,2.0,36.0,0.0,1.0,1296.0,1.0
856,874,44106,4,44,2.0,44.0,1.0,1.0,1936.0,1.0
857,871,44111,4,44,2.0,43.0,0.0,1.0,1849.0,0.0
858,879,44112,4,44,2.0,51.0,1.0,1.0,2601.0,0.0
859,885,44113,4,44,2.0,48.0,1.0,1.0,2304.0,1.0
860,873,44115,4,44,2.0,40.0,1.0,1.0,1600.0,0.0
861,888,44118,4,44,2.0,38.0,1.0,1.0,1444.0,1.0
862,887,44120,4,44,2.0,44.0,0.0,1.0,1936.0,1.0
863,860,44121,4,44,2.0,42.0,1.0,1.0,1764.0,1.0
864,886,44123,4,44,2.0,27.0,1.0,1.0,729.0,1.0
865,866,44128,4,44,2.0,28.0,1.0,1.0,784.0,0.0
866,861,44131,4,44,2.0,57.0,1.0,1.0,3249.0,0.0
867,865,44132,4,44,2.0,60.0,0.0,1.0,3600.0,1.0
868,862,44133,4,44,2.0,41.0,0.0,1.0,1681.0,1.0
869,864,44134,4,44,2.0,51.0,1.0,1.0,2601.0,1.0
870,882,44135,4,44,2.0,64.0,1.0,1.0,4096.0,1.0
871,884,44136,4,44,2.0,56.0,0.0,1.0,3136.0,1.0
872,881,44137,4,44,2.0,38.0,0.0,1.0,1444.0,1.0
873,880,44138,4,44,2.0,27.0,0.0,1.0,729.0,1.0
874,877,44139,4,44,2.0,31.0,0.0,1.0,961.0,1.0
875,867,44140,4,44,2.0,42.0,0.0,1.0,1764.0,1.0
876,868,44141,4,44,2.0,45.0,1.0,1.0,2025.0,1.0
877,870,44142,4,44,2.0,32.0,1.0,1.0,1024.0,0.0
878,869,44143,4,44,2.0,46.0,1.0,1.0,2116.0,1.0
879,878,44144,4,44,2.0,42.0,1.0,1.0,1764.0,1.0
880,875,44145,4,44,2.0,32.0,1.0,1.0,1024.0,0.0
881,872,44146,4,44,2.0,39.0,1.0,1.0,1521.0,1.0
882,863,44147,4,44,2.0,46.0,1.0,1.0,2116.0,0.0
883,859,44148,4,44,2.0,56.0,1.0,1.0,3136.0,0.0
884,883,44149,4,44,2.0,41.0,1.0,1.0,1681.0,1.0
885,900,45102,4,45,1.0,40.0,0.0,1.0,1600.0,1.0
886,918,45105,4,45,1.0,31.0,1.0,1.0,961.0,1.0
887,917,45106,4,45,1.0,47.0,1.0,1.0,2209.0,0.0
888,914,45107,4,45,1.0,26.0,0.0,1.0,676.0,1.0
889,919,45108,4,45,1.0,51.0,1.0,1.0,2601.0,1.0
890,902,45109,4,45,1.0,44.0,1.0,1.0,1936.0,1.0
891,893,45110,4,45,1.0,44.0,1.0,1.0,1936.0,1.0
892,908,45111,4,45,1.0,50.0,1.0,1.0,2500.0,0.0
893,909,45112,4,45,1.0,46.0,0.0,1.0,2116.0,1.0
894,896,45113,4,45,1.0,32.0,1.0,1.0,1024.0,1.0
895,916,45114,4,45,1.0,33.0,1.0,1.0,1089.0,1.0
896,894,45115,4,45,1.0,40.0,1.0,1.0,1600.0,1.0
897,895,45116,4,45,1.0,41.0,0.0,1.0,1681.0,1.0
898,907,45117,4,45,1.0,44.0,0.0,1.0,1936.0,1.0
899,892,45118,4,45,1.0,28.0,1.0,1.0,784.0,1.0
900,889,45119,4,45,1.0,35.0,0.0,1.0,1225.0,1.0
901,910,45120,4,45,1.0,43.0,1.0,1.0,1849.0,1.0
902,899,45121,4,45,1.0,52.0,1.0,1.0,2704.0,0.0
903,890,45124,4,45,1.0,38.0,0.0,1.0,1444.0,1.0
904,903,45125,4,45,1.0,42.0,0.0,1.0,1764.0,1.0
905,912,45126,4,45,1.0,42.0,1.0,1.0,1764.0,1.0
906,901,45128,4,45,1.0,46.0,1.0,1.0,2116.0,0.0
907,911,45129,4,45,1.0,39.0,1.0,1.0,1521.0,1.0
908,915,45131,4,45,1.0,37.0,1.0,1.0,1369.0,1.0
909,906,45132,4,45,1.0,50.0,1.0,0.0,2500.0,1.0
910,891,45133,4,45,1.0,46.0,1.0,1.0,2116.0,1.0
911,905,45134,4,45,1.0,49.0,1.0,1.0,2401.0,1.0
912,897,45135,4,45,1.0,41.0,1.0,1.0,1681.0,1.0
913,904,45136,4,45,1.0,40.0,0.0,1.0,1600.0,1.0
914,898,45137,4,45,1.0,51.0,1.0,1.0,2601.0,1.0
915,913,45139,4,45,1.0,30.0,1.0,1.0,900.0,1.0
916,921,46101,4,46,0.0,22.0,1.0,1.0,484.0,0.0
917,940,46102,4,46,0.0,26.0,1.0,1.0,676.0,0.0
918,930,46103,4,46,0.0,52.0,1.0,1.0,2704.0,0.0
919,924,46104,4,46,0.0,33.0,1.0,1.0,1089.0,0.0
920,929,46105,4,46,0.0,48.0,1.0,1.0,2304.0,1.0
921,943,46110,4,46,0.0,47.0,1.0,1.0,2209.0,1.0
922,935,46112,4,46,0.0,56.0,1.0,1.0,3136.0,0.0
923,936,46113,4,46,0.0,45.0,1.0,1.0,2025.0,1.0
924,942,46115,4,46,0.0,36.0,0.0,1.0,1296.0,0.0
925,927,46116,4,46,0.0,39.0,1.0,1.0,1521.0,1.0
926,931,46119,4,46,0.0,44.0,0.0,1.0,1936.0,0.0
927,925,46120,4,46,0.0,56.0,1.0,1.0,3136.0,0.0
928,922,46122,4,46,0.0,40.0,1.0,1.0,1600.0,0.0
929,923,46123,4,46,0.0,27.0,1.0,1.0,729.0,1.0
930,938,46125,4,46,0.0,49.0,1.0,1.0,2401.0,0.0
931,920,46126,4,46,0.0,45.0,1.0,1.0,2025.0,0.0
932,928,46127,4,46,0.0,43.0,1.0,1.0,1849.0,1.0
933,933,46128,4,46,0.0,50.0,0.0,1.0,2500.0,0.0
934,932,46129,4,46,0.0,29.0,1.0,1.0,841.0,0.0
935,941,46131,4,46,0.0,35.0,1.0,1.0,1225.0,0.0
936,937,46132,4,46,0.0,28.0,1.0,1.0,784.0,1.0
937,939,46133,4,46,0.0,39.0,1.0,1.0,1521.0,0.0
938,934,46134,4,46,0.0,50.0,1.0,1.0,2500.0,0.0
939,926,46136,4,46,0.0,39.0,1.0,1.0,1521.0,1.0
940,951,47101,4,47,0.0,39.0,1.0,1.0,1521.0,0.0
941,970,47102,4,47,0.0,39.0,1.0,1.0,1521.0,0.0
942,963,47103,4,47,0.0,48.0,1.0,1.0,2304.0,1.0
943,965,47104,4,47,0.0,29.0,1.0,1.0,841.0,1.0
944,952,47105,4,47,0.0,48.0,1.0,1.0,2304.0,0.0
945,954,47107,4,47,0.0,24.0,1.0,1.0,576.0,0.0
946,946,47108,4,47,0.0,40.0,1.0,1.0,1600.0,1.0
947,956,47109,4,47,0.0,63.0,1.0,1.0,3969.0,0.0
948,966,47111,4,47,0.0,54.0,1.0,1.0,2916.0,1.0
949,958,47112,4,47,0.0,33.0,1.0,1.0,1089.0,0.0
950,961,47114,4,47,0.0,32.0,1.0,1.0,1024.0,1.0
951,955,47115,4,47,0.0,34.0,1.0,1.0,1156.0,1.0
952,962,47116,4,47,0.0,58.0,1.0,1.0,3364.0,1.0
953,968,47117,4,47,0.0,41.0,1.0,1.0,1681.0,0.0
954,953,47118,4,47,0.0,30.0,1.0,1.0,900.0,1.0
955,947,47202,4,47,0.0,23.0,1.0,1.0,529.0,0.0
956,950,47203,4,47,0.0,34.0,1.0,1.0,1156.0,0.0
957,972,47204,4,47,0.0,37.0,1.0,1.0,1369.0,1.0
958,959,47205,4,47,0.0,29.0,1.0,1.0,841.0,0.0
959,957,47206,4,47,0.0,47.0,1.0,1.0,2209.0,1.0
960,971,47207,4,47,0.0,49.0,1.0,1.0,2401.0,1.0
961,948,47209,4,47,0.0,29.0,1.0,1.0,841.0,1.0
962,949,47210,4,47,0.0,41.0,1.0,1.0,1681.0,1.0
963,960,47213,4,47,0.0,45.0,1.0,1.0,2025.0,1.0
964,964,47214,4,47,0.0,25.0,1.0,1.0,625.0,0.0
965,973,47215,4,47,0.0,41.0,1.0,1.0,1681.0,1.0
966,969,47216,4,47,0.0,42.0,1.0,1.0,1764.0,1.0
967,945,47217,4,47,0.0,31.0,0.0,1.0,961.0,0.0
968,944,47218,4,47,0.0,42.0,0.0,1.0,1764.0,1.0
969,967,47219,4,47,0.0,33.0,1.0,1.0,1089.0,1.0
970,974,47220,4,47,0.0,38.0,1.0,1.0,1444.0,0.0
971,982,48101,4,48,1.0,44.0,1.0,1.0,1936.0,1.0
972,990,48104,4,48,1.0,48.0,0.0,1.0,2304.0,1.0
973,999,48105,4,48,1.0,32.0,1.0,1.0,1024.0,1.0
974,975,48201,4,48,1.0,53.0,1.0,1.0,2809.0,0.0
975,989,48202,4,48,1.0,40.0,1.0,1.0,1600.0,1.0
976,988,48203,4,48,1.0,41.0,1.0,1.0,1681.0,1.0
977,976,48204,4,48,1.0,54.0,1.0,1.0,2916.0,0.0
978,1004,48205,4,48,1.0,38.0,1.0,1.0,1444.0,1.0
979,987,48301,4,48,1.0,39.0,1.0,1.0,1521.0,0.0
980,997,48302,4,48,1.0,35.0,1.0,1.0,1225.0,1.0
981,1003,48303,4,48,1.0,44.0,1.0,1.0,1936.0,1.0
982,996,48304,4,48,1.0,34.0,1.0,1.0,1156.0,1.0
983,995,48401,4,48,1.0,43.0,1.0,1.0,1849.0,0.0
984,1002,48402,4,48,1.0,41.0,1.0,1.0,1681.0,1.0
985,977,48403,4,48,1.0,49.0,1.0,1.0,2401.0,0.0
986,994,48404,4,48,1.0,42.0,1.0,1.0,1764.0,0.0
987,998,48406,4,48,1.0,49.0,1.0,1.0,2401.0,1.0
988,978,48501,4,48,1.0,51.0,1.0,1.0,2601.0,0.0
989,986,48503,4,48,1.0,32.0,1.0,1.0,1024.0,1.0
990,979,48504,4,48,1.0,50.0,0.0,1.0,2500.0,0.0
991,981,48505,4,48,1.0,42.0,1.0,1.0,1764.0,0.0
992,985,48601,4,48,1.0,38.0,0.0,1.0,1444.0,0.0
993,1000,48602,4,48,1.0,36.0,1.0,1.0,1296.0,0.0
994,984,48603,4,48,1.0,51.0,1.0,1.0,2601.0,0.0
995,1001,48604,4,48,1.0,45.0,1.0,1.0,2025.0,1.0
996,993,48701,4,48,1.0,50.0,1.0,1.0,2500.0,0.0
997,992,48702,4,48,1.0,32.0,1.0,1.0,1024.0,1.0
998,980,48703,4,48,1.0,42.0,1.0,1.0,1764.0,1.0
999,983,48705,4,48,1.0,50.0,0.0,1.0,2500.0,0.0
1000,991,48706,4,48,1.0,42.0,1.0,1.0,1764.0,0.0
1001,1024,51101,5,51,2.0,43.0,0.0,1.0,1849.0,0.0
1002,1025,51102,5,51,2.0,31.0,1.0,1.0,961.0,1.0
1003,1022,51103,5,51,2.0,42.0,1.0,1.0,1764.0,1.0
1004,1023,51104,5,51,2.0,37.0,1.0,1.0,1369.0,0.0
1005,1015,51105,5,51,2.0,40.0,1.0,1.0,1600.0,0.0
1006,1027,51106,5,51,2.0,28.0,0.0,1.0,784.0,0.0
1007,1033,51107,5,51,2.0,43.0,1.0,1.0,1849.0,0.0
1008,1013,51108,5,51,2.0,55.0,1.0,1.0,3025.0,1.0
1009,1008,51111,5,51,2.0,32.0,0.0,1.0,1024.0,1.0
1010,1018,51112,5,51,2.0,27.0,1.0,1.0,729.0,1.0
1011,1021,51113,5,51,2.0,28.0,1.0,1.0,784.0,1.0
1012,1007,51114,5,51,2.0,33.0,1.0,1.0,1089.0,1.0
1013,1031,51115,5,51,2.0,40.0,1.0,1.0,1600.0,1.0
1014,1028,51117,5,51,2.0,37.0,1.0,1.0,1369.0,0.0
1015,1017,51118,5,51,2.0,38.0,1.0,1.0,1444.0,1.0
1016,1032,51120,5,51,2.0,36.0,1.0,1.0,1296.0,1.0
1017,1005,51122,5,51,2.0,50.0,0.0,1.0,2500.0,0.0
1018,1026,51123,5,51,2.0,43.0,0.0,1.0,1849.0,0.0
1019,1016,51125,5,51,2.0,34.0,1.0,1.0,1156.0,1.0
1020,1006,51128,5,51,2.0,43.0,0.0,1.0,1849.0,0.0
1021,1010,51129,5,51,2.0,34.0,1.0,1.0,1156.0,1.0
1022,1030,51130,5,51,2.0,38.0,0.0,1.0,1444.0,1.0
1023,1011,51131,5,51,2.0,29.0,1.0,1.0,841.0,0.0
1024,1020,51132,5,51,2.0,27.0,1.0,1.0,729.0,1.0
1025,1012,51133,5,51,2.0,33.0,1.0,1.0,1089.0,0.0
1026,1029,51134,5,51,2.0,38.0,0.0,1.0,1444.0,1.0
1027,1019,51135,5,51,2.0,29.0,1.0,1.0,841.0,1.0
1028,1009,51136,5,51,2.0,26.0,1.0,1.0,676.0,0.0
1029,1014,51137,5,51,2.0,50.0,0.0,1.0,2500.0,0.0
1030,1052,52105,5,52,1.0,21.0,0.0,1.0,441.0,0.0
1031,1042,52106,5,52,1.0,32.0,0.0,1.0,1024.0,1.0
1032,1040,52107,5,52,1.0,56.0,1.0,1.0,3136.0,1.0
1033,1050,52108,5,52,1.0,37.0,1.0,1.0,1369.0,1.0
1034,1061,52109,5,52,1.0,30.0,1.0,1.0,900.0,1.0
1035,1044,52110,5,52,1.0,45.0,0.0,1.0,2025.0,1.0
1036,1055,52111,5,52,1.0,40.0,0.0,1.0,1600.0,1.0
1037,1058,52112,5,52,1.0,46.0,0.0,1.0,2116.0,1.0
1038,1047,52201,5,52,1.0,30.0,1.0,1.0,900.0,0.0
1039,1057,52204,5,52,1.0,29.0,0.0,1.0,841.0,1.0
1040,1053,52205,5,52,1.0,26.0,0.0,1.0,676.0,1.0
1041,1035,52206,5,52,1.0,43.0,1.0,1.0,1849.0,1.0
1042,1038,52207,5,52,1.0,30.0,0.0,1.0,900.0,1.0
1043,1039,52208,5,52,1.0,31.0,1.0,1.0,961.0,1.0
1044,1051,52209,5,52,1.0,48.0,1.0,1.0,2304.0,1.0
1045,1046,52210,5,52,1.0,45.0,1.0,1.0,2025.0,1.0
1046,1063,52304,5,52,1.0,27.0,1.0,1.0,729.0,1.0
1047,1041,52307,5,52,1.0,44.0,1.0,1.0,1936.0,1.0
1048,1062,52401,5,52,1.0,30.0,1.0,1.0,900.0,1.0
1049,1045,52402,5,52,1.0,53.0,1.0,1.0,2809.0,0.0
1050,1043,52403,5,52,1.0,35.0,1.0,1.0,1225.0,1.0
1051,1059,52404,5,52,1.0,42.0,1.0,1.0,1764.0,0.0
1052,1034,52405,5,52,1.0,24.0,1.0,1.0,576.0,0.0
1053,1037,52406,5,52,1.0,31.0,1.0,1.0,961.0,0.0
1054,1054,52502,5,52,1.0,41.0,0.0,1.0,1681.0,0.0
1055,1049,52504,5,52,1.0,25.0,0.0,1.0,625.0,0.0
1056,1060,52505,5,52,1.0,32.0,0.0,1.0,1024.0,1.0
1057,1056,52506,5,52,1.0,40.0,0.0,1.0,1600.0,0.0
1058,1036,52507,5,52,1.0,41.0,1.0,1.0,1681.0,0.0
1059,1048,52508,5,52,1.0,27.0,0.0,1.0,729.0,0.0
1060,1071,53101,5,53,0.0,35.0,0.0,1.0,1225.0,0.0
1061,1091,53102,5,53,0.0,42.0,0.0,1.0,1764.0,1.0
1062,1065,53105,5,53,0.0,41.0,1.0,1.0,1681.0,1.0
1063,1081,53106,5,53,0.0,37.0,1.0,1.0,1369.0,1.0
1064,1090,53201,5,53,0.0,28.0,1.0,1.0,784.0,1.0
1065,1066,53202,5,53,0.0,29.0,1.0,1.0,841.0,0.0
1066,1078,53203,5,53,0.0,33.0,0.0,1.0,1089.0,1.0
1067,1084,53204,5,53,0.0,29.0,0.0,1.0,841.0,1.0
1068,1079,53206,5,53,0.0,20.0,0.0,1.0,400.0,0.0
1069,1068,53208,5,53,0.0,29.0,1.0,1.0,841.0,0.0
1070,1092,53210,5,53,0.0,25.0,0.0,1.0,625.0,1.0
1071,1093,53211,5,53,0.0,28.0,0.0,1.0,784.0,0.0
1072,1088,53212,5,53,0.0,25.0,0.0,1.0,625.0,0.0
1073,1082,53213,5,53,0.0,20.0,0.0,1.0,400.0,0.0
1074,1085,53214,5,53,0.0,29.0,0.0,1.0,841.0,1.0
1075,1075,53215,5,53,0.0,45.0,1.0,1.0,2025.0,1.0
1076,1080,53301,5,53,0.0,41.0,0.0,1.0,1681.0,1.0
1077,1072,53302,5,53,0.0,39.0,1.0,1.0,1521.0,1.0
1078,1074,53401,5,53,0.0,49.0,0.0,1.0,2401.0,1.0
1079,1064,53403,5,53,0.0,45.0,0.0,1.0,2025.0,1.0
1080,1086,53404,5,53,0.0,49.0,0.0,1.0,2401.0,1.0
1081,1083,53405,5,53,0.0,26.0,0.0,1.0,676.0,1.0
1082,1067,53501,5,53,0.0,45.0,1.0,1.0,2025.0,0.0
1083,1070,53502,5,53,0.0,48.0,1.0,1.0,2304.0,0.0
1084,1077,53504,5,53,0.0,32.0,0.0,1.0,1024.0,1.0
1085,1073,53602,5,53,0.0,32.0,0.0,1.0,1024.0,1.0
1086,1089,53701,5,53,0.0,25.0,1.0,1.0,625.0,1.0
1087,1087,53703,5,53,0.0,32.0,1.0,1.0,1024.0,1.0
1088,1069,53801,5,53,0.0,34.0,1.0,1.0,1156.0,1.0
1089,1076,53802,5,53,0.0,49.0,1.0,1.0,2401.0,1.0
1090,1108,54101,5,54,2.0,54.0,0.0,0.0,2916.0,1.0
1091,1106,54102,5,54,2.0,45.0,0.0,1.0,2025.0,0.0
1092,1096,54103,5,54,2.0,43.0,1.0,1.0,1849.0,1.0
1093,1103,54104,5,54,2.0,35.0,0.0,0.0,1225.0,1.0
1094,1100,54105,5,54,2.0,24.0,0.0,1.0,576.0,1.0
1095,1104,54106,5,54,2.0,41.0,1.0,1.0,1681.0,1.0
1096,1118,54107,5,54,2.0,37.0,1.0,1.0,1369.0,0.0
1097,1122,54108,5,54,2.0,37.0,0.0,1.0,1369.0,0.0
1098,1095,54109,5,54,2.0,44.0,1.0,1.0,1936.0,1.0
1099,1098,54110,5,54,2.0,23.0,0.0,1.0,529.0,1.0
1100,1105,54111,5,54,2.0,45.0,1.0,1.0,2025.0,1.0
1101,1119,54112,5,54,2.0,22.0,0.0,1.0,484.0,0.0
1102,1120,54201,5,54,2.0,36.0,1.0,1.0,1296.0,1.0
1103,1107,54202,5,54,2.0,58.0,1.0,0.0,3364.0,0.0
1104,1123,54203,5,54,2.0,28.0,0.0,1.0,784.0,0.0
1105,1109,54205,5,54,2.0,36.0,0.0,1.0,1296.0,1.0
1106,1113,54206,5,54,2.0,34.0,1.0,1.0,1156.0,0.0
1107,1116,54207,5,54,2.0,32.0,1.0,1.0,1024.0,1.0
1108,1101,54301,5,54,2.0,30.0,1.0,1.0,900.0,1.0
1109,1115,54302,5,54,2.0,50.0,1.0,0.0,2500.0,1.0
1110,1114,54303,5,54,2.0,40.0,1.0,1.0,1600.0,1.0
1111,1111,54304,5,54,2.0,37.0,1.0,1.0,1369.0,0.0
1112,1121,54307,5,54,2.0,36.0,1.0,1.0,1296.0,1.0
1113,1099,54401,5,54,2.0,48.0,1.0,1.0,2304.0,0.0
1114,1094,54403,5,54,2.0,54.0,1.0,1.0,2916.0,1.0
1115,1112,54405,5,54,2.0,53.0,0.0,0.0,2809.0,1.0
1116,1097,54406,5,54,2.0,54.0,1.0,1.0,2916.0,0.0
1117,1102,54407,5,54,2.0,36.0,1.0,1.0,1296.0,0.0
1118,1110,54408,5,54,2.0,29.0,1.0,1.0,841.0,1.0
1119,1117,54409,5,54,2.0,31.0,0.0,1.0,961.0,1.0
1120,1148,55101,5,55,1.0,29.0,1.0,1.0,841.0,1.0
1121,1133,55102,5,55,1.0,34.0,1.0,1.0,1156.0,1.0
1122,1146,55103,5,55,1.0,38.0,0.0,1.0,1444.0,1.0
1123,1131,55201,5,55,1.0,46.0,1.0,0.0,2116.0,0.0
1124,1136,55202,5,55,1.0,46.0,0.0,1.0,2116.0,1.0
1125,1143,55203,5,55,1.0,27.0,0.0,0.0,729.0,1.0
1126,1126,55204,5,55,1.0,44.0,0.0,0.0,1936.0,1.0
1127,1134,55205,5,55,1.0,42.0,1.0,0.0,1764.0,0.0
1128,1138,55301,5,55,1.0,47.0,0.0,0.0,2209.0,1.0
1129,1124,55302,5,55,1.0,29.0,0.0,0.0,841.0,1.0
1130,1139,55303,5,55,1.0,41.0,0.0,0.0,1681.0,1.0
1131,1137,55401,5,55,1.0,41.0,1.0,0.0,1681.0,1.0
1132,1151,55501,5,55,1.0,54.0,0.0,1.0,2916.0,1.0
1133,1144,55502,5,55,1.0,53.0,0.0,0.0,2809.0,1.0
1134,1135,55503,5,55,1.0,22.0,0.0,1.0,484.0,0.0
1135,1142,55505,5,55,1.0,50.0,0.0,1.0,2500.0,1.0
1136,1147,55506,5,55,1.0,47.0,1.0,1.0,2209.0,0.0
1137,1150,55507,5,55,1.0,47.0,0.0,0.0,2209.0,1.0
1138,1130,55508,5,55,1.0,54.0,1.0,1.0,2916.0,0.0
1139,1125,55602,5,55,1.0,25.0,0.0,1.0,625.0,1.0
1140,1127,55603,5,55,1.0,23.0,0.0,1.0,529.0,0.0
1141,1132,55604,5,55,1.0,31.0,1.0,0.0,961.0,1.0
1142,1141,55605,5,55,1.0,68.0,1.0,0.0,4624.0,1.0
1143,1129,55606,5,55,1.0,38.0,1.0,1.0,1444.0,0.0
1144,1140,55607,5,55,1.0,33.0,0.0,0.0,1089.0,1.0
1145,1145,55608,5,55,1.0,26.0,1.0,1.0,676.0,0.0
1146,1149,55703,5,55,1.0,40.0,0.0,1.0,1600.0,1.0
1147,1128,55704,5,55,1.0,52.0,1.0,1.0,2704.0,0.0
